"comm_name","spcode","species","class","order","family","genus","taxa_yn"
"California moray","GYMMOR","Gymnothorax mordax","Actinopterygii","Anguilliformes","Muraenidae","Gymnothorax","yes"
"Topsmelt","ATHAFF","Atherinops affinis","Actinopterygii","Atheriniformes","Atherinopsidae","Atherinops","yes"
"Jacksmelt","ATHCAL","Atherinopsis californiensis","Actinopterygii","Atheriniformes","Atherinopsidae","Atherinopsis","yes"
"California grunion","LEUTEN","Leuresthes tenuis","Actinopterygii","Atheriniformes","Atherinopsidae","Leuresthes","yes"
"California lizardfish","SYNLUC","Synodus lucioceps","Actinopterygii","Aulopiformes","Synodontidae","Synodus","yes"
"Specklefin midshipman","PORMYR","Porichthys myriaster","Actinopterygii","Batrachoidiformes","Batrachoididae","Porichthys","yes"
"Plainfin midshipman","PORNOT","Porichthys notatus","Actinopterygii","Batrachoidiformes","Batrachoididae","Porichthys","yes"
"California needlefish","STREXI","Strongylura exilis","Actinopterygii","Beloniformes","Belonidae","Strongylura","yes"
"California halfbeak","HYPROS","Hyporhamphus rosae","Actinopterygii","Beloniformes","Hemiramphidae","Hyporhamphus","yes"
"Pacific saury","COLSAI","Cololabis saira","Actinopterygii","Beloniformes","Scomberesocidae","Cololabis","yes"
"American shad","ALOSAP","Alosa sapidissima","Actinopterygii","Clupeiformes","Clupeidae","Alosa","yes"
"Pacific herring","CLUPAL","Clupea harengus","Actinopterygii","Clupeiformes","Clupeidae","Clupea","yes"
"Threadfin shad","DORPET","Dorosoma petenense","Actinopterygii","Clupeiformes","Clupeidae","Dorosoma","yes"
"Pacific sardine","SARSAG","Sardinops sagax","Actinopterygii","Clupeiformes","Clupeidae","Sardinops","yes"
"Deepbody anchovy","ANCCOM","Anchoa compressa","Actinopterygii","Clupeiformes","Engraulidae","Anchoa","yes"
"Slough anchovy","ANCDEL","Anchoa delicatissima","Actinopterygii","Clupeiformes","Engraulidae","Anchoa","yes"
"Northern anchovy","ENGMOR","Engraulis mordax","Actinopterygii","Clupeiformes","Engraulidae","Engraulis","yes"
"Splittail","POGMAC","Pogonichthys macrolepidotus","Actinopterygii","Cypriniformes","Cyprinidae","Pogonichthys","yes"
"California killifish","FUNPAR","Fundulus parvipinnis","Actinopterygii","Cyprinodontiformes","Fundulidae","Fundulus","yes"
"Mosquitofish","GAMAFF","Gambusia affinis","Actinopterygii","Cyprinodontiformes","Poeciliidae","Gambusia","yes"
"Pacific tomcod","MICPRO","Microgadus proximus","Actinopterygii","Gadiformes","Gadidae","Microgadus","yes"
"Giant grenadier","CORPEC","Albatrossia pectoralis","Actinopterygii","Gadiformes","Macrouridae","Albatrossia","yes"
"California rattail","NEZSTE","Nezumia stelgidolepis","Actinopterygii","Gadiformes","Macrouridae","Nezumia","yes"
"Pacific hake","MERPRO","Merluccius productus","Actinopterygii","Gadiformes","Merlucciidae","Merluccius","yes"
"Hundred fathom codling","PHYRAS","Physiculus rastrelliger","Actinopterygii","Gadiformes","Moridae","Physiculus","yes"
"Tubesnout","AULFLA","Aulorhynchus flavidus","Actinopterygii","Gasterosteiformes","Aulorhynchidae","Aulorhynchus","yes"
"Three-spine stickleback","GASACU","Gasterosteus aculeatus","Actinopterygii","Gasterosteiformes","Gasterosteidae","Gasterosteus","yes"
"Northern clingfish","GOBMAE","Gobiesox maeandricus","Actinopterygii","Gobiesociformes","Gobiesocidae","Gobiesox","yes"
"California clingfish","GOBRHE","Gobiesox rhessodon","Actinopterygii","Gobiesociformes","Gobiesocidae","Gobiesox","yes"
"Slender clingfish","RIMEIG","Rimicola eigenmanni","Actinopterygii","Gobiesociformes","Gobiesocidae","Rimicola","yes"
"Kelp clingfish","RIMMUS","Rimicola muscarum","Actinopterygii","Gobiesociformes","Gobiesocidae","Rimicola","yes"
"Striped mullet","MUGCEP","Mugil cephalus","Actinopterygii","Mugiliformes","Mugilidae","Mugil","yes"
"Red brotula","BROMAR","Brosmophycis marginata","Actinopterygii","Ophidiiformes","Bythitidae","Brosmophycis","yes"
"Slope brotula","CATRUB","Cataetyx rubrirostris","Actinopterygii","Ophidiiformes","Bythitidae","Cataetyx","yes"
"Spotted cuskeel","CHITAY","Chilara taylori","Actinopterygii","Ophidiiformes","Ophidiidae","Chilara","yes"
"Basketweave cuskeel","OPHSCR","Ophidion scrippsae","Actinopterygii","Ophidiiformes","Ophidiidae","Ophidion","yes"
"California slickhead","ALETEN","Alepocephalus tenebrosus","Actinopterygii","Osmeriformes","Alepocephalidae","Alepocephalus","yes"
"Pacific argentine","ARGSIA","Argentina sialis","Actinopterygii","Osmeriformes","Argentinidae","Argentina","yes"
"Whitebait smelt","ALLELO","Allosmerus elongatus","Actinopterygii","Osmeriformes","Osmeridae","Allosmerus","yes"
"Surf smelt","HYPPRE","Hypomesus pretiosus","Actinopterygii","Osmeriformes","Osmeridae","Hypomesus","yes"
"Delta smelt","HYPTRA","Hypomesus transpacificus","Actinopterygii","Osmeriformes","Osmeridae","Hypomesus","yes"
"Night smelt","SPISTA","Spirinchus starksi","Actinopterygii","Osmeriformes","Osmeridae","Spirinchus","yes"
"Longfin smelt","SPITHA","Spirinchus thaleichthys","Actinopterygii","Osmeriformes","Osmeridae","Spirinchus","yes"
"Eulachon","THAPAC","Thaleichthys pacificus","Actinopterygii","Osmeriformes","Osmeridae","Thaleichthys","yes"
"Wolf eel","ANAOCE","Anarrhichthys ocellatus","Actinopterygii","Perciformes","Anarhichadidae","Anarrhichthys","yes"
"Bluebanded ronquil","RATHYP","Rathbunella hypoplecta","Actinopterygii","Perciformes","Bathymasteridae","Rathbunella","yes"
"Northern ronquil","RONJOR","Ronquilus jordani","Actinopterygii","Perciformes","Bathymasteridae","Ronquilus","yes"
"Bay blenny","HYPGEN","Hypsoblennius gentilis","Actinopterygii","Perciformes","Blenniidae","Hypsoblennius","yes"
"Tidepool blenny","HYPGIL","Hypsoblennius gilberti","Actinopterygii","Perciformes","Blenniidae","Hypsoblennius","yes"
"Mussel blenny","HYPJEN","Hypsoblennius jenkinsi","Actinopterygii","Perciformes","Blenniidae","Hypsoblennius","yes"
"Pacific pomfret","BRAJAP","Brama japonica","Actinopterygii","Perciformes","Bramidae","Brama","yes"
"Yellowtail","SERLAL","Seriola lalandi","Actinopterygii","Perciformes","Carangidae","Seriola","yes"
"Jack mackerel","TRASYM","Trachurus symmetricus","Actinopterygii","Perciformes","Carangidae","Trachurus","yes"
"Orangethroat pikeblenny","CHAALE","Chaenopsis alepidota","Actinopterygii","Perciformes","Chaenopsidae","Chaenopsis","yes"
"Yellowfin fringehead","NEOSTE","Neoclinus stephensae","Actinopterygii","Perciformes","Chaenopsidae","Neoclinus","yes"
"Onespot fringehead","NEOUNI","Neoclinus uninotatus","Actinopterygii","Perciformes","Chaenopsidae","Neoclinus","yes"
"Spotted kelpfish","GIBELE","Gibbonsia elegans","Actinopterygii","Perciformes","Clinidae","Gibbonsia","yes"
"Striped kelpfish","GIBMET","Gibbonsia metzi","Actinopterygii","Perciformes","Clinidae","Gibbonsia","yes"
"Crevice kelpfish","GIBMON","Gibbonsia montereyensis","Actinopterygii","Perciformes","Clinidae","Gibbonsia","yes"
"Giant kelpfish","HETROS","Heterostichus rostratus","Actinopterygii","Perciformes","Clinidae","Heterostichus","yes"
"Dolphinfish","CORHIP","Coryphaena hippurus","Actinopterygii","Perciformes","Coryphaenidae","Coryphaena","yes"
"Barred surfperch","AMPARG","Amphistichus argenteus","Actinopterygii","Perciformes","Embiotocidae","Amphistichus","yes"
"Calico surfperch","AMPKOE","Amphistichus koelzi","Actinopterygii","Perciformes","Embiotocidae","Amphistichus","yes"
"Kelp surfperch","BRAFRE","Brachyistius frenatus","Actinopterygii","Perciformes","Embiotocidae","Brachyistius","yes"
"Shiner surfperch","CYMAGG","Cymatogaster aggregata","Actinopterygii","Perciformes","Embiotocidae","Cymatogaster","yes"
"Black surfperch","EMBJAC","Embiotoca jacksoni","Actinopterygii","Perciformes","Embiotocidae","Embiotoca","yes"
"Striped surfperch","EMBLAT","Embiotoca lateralis","Actinopterygii","Perciformes","Embiotocidae","Embiotoca","yes"
"Spotfin surfperch","HYPANA","Hyperprosopon anale","Actinopterygii","Perciformes","Embiotocidae","Hyperprosopon","yes"
"Walleye surfperch","HYPARG","Hyperprosopon argenteum","Actinopterygii","Perciformes","Embiotocidae","Hyperprosopon","yes"
"Silver surfperch","HYPELL","Hyperprosopon ellipticum","Actinopterygii","Perciformes","Embiotocidae","Hyperprosopon","yes"
"Rainbow surfperch","HYPCAR","Hypsurus caryi","Actinopterygii","Perciformes","Embiotocidae","Hypsurus","yes"
"Reef surfperch","MICAUR","Micrometrus aurora","Actinopterygii","Perciformes","Embiotocidae","Micrometrus","yes"
"Dwarf surfperch","MICMIN","Micrometrus minimus","Actinopterygii","Perciformes","Embiotocidae","Micrometrus","yes"
"White surfperch","PHAFUR","Phanerodon furcatus","Actinopterygii","Perciformes","Embiotocidae","Phanerodon","yes"
"Rubberlip surfperch","RHATOX","Rhacochilus toxotes","Actinopterygii","Perciformes","Embiotocidae","Rhacochilus","yes"
"Pile surfperch","RHAVAC","Rhacochilus vacca","Actinopterygii","Perciformes","Embiotocidae","Rhacochilus","yes"
"Rosy surfperch","ZALROS","Zalembius rosaceus","Actinopterygii","Perciformes","Embiotocidae","Zalembius","yes"
"Yellowfin goby","ACAFLA","Acanthogobius flavimanus","Actinopterygii","Perciformes","Gobiidae","Acanthogobius","yes"
"Arrow goby","CLEIOS","Clevelandia ios","Actinopterygii","Perciformes","Gobiidae","Clevelandia","yes"
"Tidewater goby","EUCNEW","Eucyclogobius newberryi","Actinopterygii","Perciformes","Gobiidae","Eucyclogobius","yes"
"Longjaw mudsucker","GILMIR","Gillichthys mirabilis","Actinopterygii","Perciformes","Gobiidae","Gillichthys","yes"
"Cheekspot goby","ILYGIL","Ilypnus gilberti","Actinopterygii","Perciformes","Gobiidae","Ilypnus","yes"
"Bay goby","LEPLEP","Lepidogobius lepidus","Actinopterygii","Perciformes","Gobiidae","Lepidogobius","yes"
"Halfblind goby","LETCONN","Lethops connectens","Actinopterygii","Perciformes","Gobiidae","Lethops","yes"
"Bluebanded goby","LYTDAL","Lythrypnus dalli","Actinopterygii","Perciformes","Gobiidae","Lythrypnus","yes"
"Zebra goby","LYTZEB","Lythrypnus zebra","Actinopterygii","Perciformes","Gobiidae","Lythrypnus","yes"
"Shadow goby","QUIYCA","Quietula y-cauda","Actinopterygii","Perciformes","Gobiidae","Quietula","yes"
"Blackeye goby","RHINIC","Rhinogobiops nicholsii","Actinopterygii","Perciformes","Gobiidae","Rhinogobiops","yes"
"Shokihaze goby","TRIBAR","Tridentiger barbatus","Actinopterygii","Perciformes","Gobiidae","Tridentiger","yes"
"Shimofuri goby","TRIBIF","Tridentiger bifasciatus","Actinopterygii","Perciformes","Gobiidae","Tridentiger","yes"
"Chameleon goby","TRITRI","Tridentiger trigonocephalus","Actinopterygii","Perciformes","Gobiidae","Tridentiger","yes"
"Blind goby","TYPCAL","Typhlogobius californiensis","Actinopterygii","Perciformes","Gobiidae","Typhlogobius","yes"
"Sargo","ANIDAV","Anisotremus davidsonii","Actinopterygii","Perciformes","Haemulidae","Anisotremus","yes"
"Burrito grunt","ANIINT","Anisotremus interruptus","Actinopterygii","Perciformes","Haemulidae","Anisotremus","yes"
"Striped marlin","TETAUD","Kajikia audax","Actinopterygii","Perciformes","Istiophoridae","Kajikia","yes"
"Opaleye","GIRNIG","Girella nigricans","Actinopterygii","Perciformes","Kyphosidae","Girella","yes"
"Halfmoon","MEDCAL","Medialuna californiensis","Actinopterygii","Perciformes","Kyphosidae","Medialuna","yes"
"Chameleon wrasse","HALDIS","Halichoeres dispilus","Actinopterygii","Perciformes","Labridae","Halichoeres","yes"
"Rock wrasse","HALSEM","Halichoeres semicinctus","Actinopterygii","Perciformes","Labridae","Halichoeres","yes"
"Senorita","OXYCAL","Oxyjulis californica","Actinopterygii","Perciformes","Labridae","Oxyjulis","yes"
"Island kelpfish","ALLHOL","Alloclinus holderi","Actinopterygii","Perciformes","Labrisomidae","Alloclinus","yes"
"Sargassum blenny","EXEASP","Exerpes asper","Actinopterygii","Perciformes","Labrisomidae","Exerpes","yes"
"Reef finspot","PARINT","Paraclinus integripinnis","Actinopterygii","Perciformes","Labrisomidae","Paraclinus","yes"
"Louvar","LUVIMP","Luvarus imperialis","Actinopterygii","Perciformes","Luvaridae","Luvarus","yes"
"Ocean whitefish","CAUPRI","Caulolatilus princeps","Actinopterygii","Perciformes","Malacanthidae","Caulolatilus","yes"
"Striped bass","MORSAX","Morone saxatilis","Actinopterygii","Perciformes","Moronidae","Morone","yes"
"Mexican goatfish","MULDEN","Mulloidichthys dentatus","Actinopterygii","Perciformes","Mullidae","Mulloidichthys","yes"
"Penpoint gunnel","APOFLA","Apodichthys flavidus","Actinopterygii","Perciformes","Pholidae","Apodichthys","yes"
"Rockweed gunnel","APOFUC","Apodichthys fucorum","Actinopterygii","Perciformes","Pholidae","Apodichthys","yes"
"Saddleback gunnel","PHOORN","Pholis ornata","Actinopterygii","Perciformes","Pholidae","Pholis","yes"
"Giant sea bass","STEGIG","Stereolepis gigas","Actinopterygii","Perciformes","Polyprionidae","Stereolepis","yes"
"Panamic sergeant major","ABUTRO","Abudefduf troschelii","Actinopterygii","Perciformes","Pomacentridae","Abudefduf","yes"
"Scissortail chromis","CHRATR","Chromis atrilobata","Actinopterygii","Perciformes","Pomacentridae","Chromis","yes"
"Blacksmith","CHRPUN","Chromis punctipinnis","Actinopterygii","Perciformes","Pomacentridae","Chromis","yes"
"Garibaldi","HYPRUB","Hypsypops rubicundus","Actinopterygii","Perciformes","Pomacentridae","Hypsypops","yes"
"Cortez gregory","STEREC","Stegastes rectifraenum","Actinopterygii","Perciformes","Pomacentridae","Stegastes","yes"
"White seabass","ATRNOB","Atractoscion nobilis","Actinopterygii","Perciformes","Sciaenidae","Atractoscion","yes"
"Black croaker","CHESAT","Cheilotrema saturnum","Actinopterygii","Perciformes","Sciaenidae","Cheilotrema","yes"
"White croaker","GENLIN","Genyonemus lineatus","Actinopterygii","Perciformes","Sciaenidae","Genyonemus","yes"
"California corbina","MENUND","Menticirrhus undulatus","Actinopterygii","Perciformes","Sciaenidae","Menticirrhus","yes"
"Spotfin croaker","RONSTE","Roncador stearnsii","Actinopterygii","Perciformes","Sciaenidae","Roncador","yes"
"Queenfish","SERPOL","Seriphus politus","Actinopterygii","Perciformes","Sciaenidae","Seriphus","yes"
"Yellowfin croaker","UMBRON","Umbrina roncador","Actinopterygii","Perciformes","Sciaenidae","Umbrina","yes"
"Wahoo","ACASOL","Acanthocybium solandri","Actinopterygii","Perciformes","Scombridae","Acanthocybium","yes"
"Bullet mackerel","AUXROC","Auxis rochei","Actinopterygii","Perciformes","Scombridae","Auxis","yes"
"Skipjack tuna","KATPEL","Katsuwonus pelamis","Actinopterygii","Perciformes","Scombridae","Katsuwonus","yes"
"Pacific bonito","SARCHI","Sarda chiliensis","Actinopterygii","Perciformes","Scombridae","Sarda","yes"
"Pacific mackerel","SCOJAP","Scomber japonicus","Actinopterygii","Perciformes","Scombridae","Scomber","yes"
"Albacore","THUALA","Thunnus alalunga","Actinopterygii","Perciformes","Scombridae","Thunnus","yes"
"Yellowfin tuna","THUALB","Thunnus albacares","Actinopterygii","Perciformes","Scombridae","Thunnus","yes"
"Bigeye tuna","THUOBE","Thunnus obesus","Actinopterygii","Perciformes","Scombridae","Thunnus","yes"
"Bluefin tuna","THUTHY","Thunnus thynnus","Actinopterygii","Perciformes","Scombridae","Thunnus","yes"
"Graveldiver","SCYCER","Scytalina cerdale","Actinopterygii","Perciformes","Scytalinidae","Scytalina","yes"
"Kelp bass","PARCLA","Paralabrax clathratus","Actinopterygii","Perciformes","Serranidae","Paralabrax","yes"
"Spotted sand bass","PARMAC","Paralabrax maculatofasciatus","Actinopterygii","Perciformes","Serranidae","Paralabrax","yes"
"Barred sand bass","PARNEB","Paralabrax nebulifer","Actinopterygii","Perciformes","Serranidae","Paralabrax","yes"
"California barracuda","SPHARG","Sphyraena argentea","Actinopterygii","Perciformes","Sphyraenidae","Sphyraena","yes"
"Cortez barracuda","SPHLUC","Sphyraena lucasana","Actinopterygii","Perciformes","Sphyraenidae","Sphyraena","yes"
"Slender cockscomb","ANOINS","Anoplarchus insignis","Actinopterygii","Perciformes","Stichaeidae","Anoplarchus","yes"
"High cockscomb","ANOPUR","Anoplarchus purpurescens","Actinopterygii","Perciformes","Stichaeidae","Anoplarchus","yes"
"Monkeyface prickleback","CEBVIO","Cebidichthys violaceus","Actinopterygii","Perciformes","Stichaeidae","Cebidichthys","yes"
"Mosshead warbonnet","CHINUG","Chirolophis nugator","Actinopterygii","Perciformes","Stichaeidae","Chirolophis","yes"
"Crisscross prickleback","PLAHOP","Plagiogrammus hopkinsii","Actinopterygii","Perciformes","Stichaeidae","Plagiogrammus","yes"
"Black prickleback","XIPATR","Xiphister atropurpureus","Actinopterygii","Perciformes","Stichaeidae","Xiphister","yes"
"Rock prickleback","XIPMUC","Xiphister mucosus","Actinopterygii","Perciformes","Stichaeidae","Xiphister","yes"
"Pacific butterfish","PEPSIM","Peprilus simillimus","Actinopterygii","Perciformes","Stromateidae","Peprilus","yes"
"Swordfish","XIPGLA","Xiphias gladius","Actinopterygii","Perciformes","Xiphiidae","Xiphias","yes"
"Blackbelly eelpout","LYCPAC","Lycodes pacificus","Actinopterygii","Perciformes","Zoarcidae","Lycodes","yes"
"Mazatlan sole","ACHMAZ","Achirus mazatlanus","Actinopterygii","Pleuronectiformes","Achiridae","Achirus","yes"
"Pacific sanddab","CITSOR","Citharichthys sordidus","Actinopterygii","Pleuronectiformes","Paralichthyidae","Citharichthys","yes"
"Speckled sanddab","CITSTI","Citharichthys stigmaeus","Actinopterygii","Pleuronectiformes","Paralichthyidae","Citharichthys","yes"
"Longfin sanddab","CITXAN","Citharichthys xanthostigma","Actinopterygii","Pleuronectiformes","Paralichthyidae","Citharichthys","yes"
"Bigmouth sole","HIPSTO","Hippoglossina stomata","Actinopterygii","Pleuronectiformes","Paralichthyidae","Hippoglossina","yes"
"California halibut","PARCAL","Paralichthys californicus","Actinopterygii","Pleuronectiformes","Paralichthyidae","Paralichthys","yes"
"Fantail sole","XYSLIO","Xystreurys liolepis","Actinopterygii","Pleuronectiformes","Paralichthyidae","Xystreurys","yes"
"Arrowtooth flounder","ATHSTO","Atheresthes stomias","Actinopterygii","Pleuronectiformes","Pleuronectidae","Atheresthes","yes"
"Petrale sole","EOPJOR","Eopsetta jordani","Actinopterygii","Pleuronectiformes","Pleuronectidae","Eopsetta","yes"
"Rex sole","GLYZAC","Glyptocephalus zachirus","Actinopterygii","Pleuronectiformes","Pleuronectidae","Glyptocephalus","yes"
"Diamond turbot","HYPGUT","Hypsopsetta guttulata","Actinopterygii","Pleuronectiformes","Pleuronectidae","Hypsopsetta","yes"
"Slender sole","LYOEXI","Lyopsetta exilis","Actinopterygii","Pleuronectiformes","Pleuronectidae","Lyopsetta","yes"
"Dover sole","MICPAC","Microstomus pacificus","Actinopterygii","Pleuronectiformes","Pleuronectidae","Microstomus","yes"
"English sole","PARVET","Parophrys vetulus","Actinopterygii","Pleuronectiformes","Pleuronectidae","Parophrys","yes"
"Starry flounder","PLASTE","Platichthys stellatus","Actinopterygii","Pleuronectiformes","Pleuronectidae","Platichthys","yes"
"Co turbot","PLECOE","Pleuronichthys coenosus","Actinopterygii","Pleuronectiformes","Pleuronectidae","Pleuronichthys","yes"
"Curlfin turbot","PLEDEC","Pleuronichthys decurrens","Actinopterygii","Pleuronectiformes","Pleuronectidae","Pleuronichthys","yes"
"Spotted turbot","PLERIT","Pleuronichthys ritteri","Actinopterygii","Pleuronectiformes","Pleuronectidae","Pleuronichthys","yes"
"Hornyhead turbot","PLEVER","Pleuronichthys verticalis","Actinopterygii","Pleuronectiformes","Pleuronectidae","Pleuronichthys","yes"
"Rock sole","PSEMEL","Psettichthys melanostictus","Actinopterygii","Pleuronectiformes","Pleuronectidae","Psettichthys","yes"
"Steelhead trout","ONCMYK","Oncorhynchus mykiss","Actinopterygii","Salmoniformes","Salmonidae","Oncorhynchus","yes"
"Chinook salmon","ONCTSA","Oncorhynchus tshawytscha","Actinopterygii","Salmoniformes","Salmonidae","Oncorhynchus","yes"
"Pygmy poacher","ODOTRI","Odontopyxis trispinosa","Actinopterygii","Scorpaeniformes","Agonidae","Odontopyxis","yes"
"Pricklebreast poacher","STEXYO","Stellerina xyosterna","Actinopterygii","Scorpaeniformes","Agonidae","Stellerina","yes"
"Blacktip poacher","XENLAT","Xeneretmus latifrons","Actinopterygii","Scorpaeniformes","Agonidae","Xeneretmus","yes"
"Sablefish","ANOFIM","Anoplopoma fimbria","Actinopterygii","Scorpaeniformes","Anoplopomatidae","Anoplopoma","yes"
"Coralline sculpin","ARTCOR","Artedius corallinus","Actinopterygii","Scorpaeniformes","Cottidae","Artedius","yes"
"Padded sculpin","ARTFEN","Artedius fenestralis","Actinopterygii","Scorpaeniformes","Cottidae","Artedius","yes"
"Scalyhead sculpin","ARTHAR","Artedius harringtoni","Actinopterygii","Scorpaeniformes","Cottidae","Artedius","yes"
"Smoothhead sculpin","ARTLAT","Artedius lateralis","Actinopterygii","Scorpaeniformes","Cottidae","Artedius","yes"
"Bonyhead sculpin","ARTNOT","Artedius notospilotus","Actinopterygii","Scorpaeniformes","Cottidae","Artedius","yes"
"Rosylip sculpin","ASCRHO","Ascelichthys rhodorus","Actinopterygii","Scorpaeniformes","Cottidae","Ascelichthys","yes"
"Roughback sculpin","CHIPUG","Chitonotus pugetensis","Actinopterygii","Scorpaeniformes","Cottidae","Chitonotus","yes"
"Sharpnose sculpin","CLIACU","Clinocottus acuticeps","Actinopterygii","Scorpaeniformes","Cottidae","Clinocottus","yes"
"Wooly sculpin","CLIANA","Clinocottus analis","Actinopterygii","Scorpaeniformes","Cottidae","Clinocottus","yes"
"Mosshead sculpin","CLIGLO","Clinocottus globiceps","Actinopterygii","Scorpaeniformes","Cottidae","Clinocottus","yes"
"Bald sculpin","CLIREC","Clinocottus recalvus","Actinopterygii","Scorpaeniformes","Cottidae","Clinocottus","yes"
"Buffalo sculpin","ENOBIS","Enophrys bison","Actinopterygii","Scorpaeniformes","Cottidae","Enophrys","yes"
"Brown irish lord","HEMSPI","Hemilepidotus spinosus","Actinopterygii","Scorpaeniformes","Cottidae","Hemilepidotus","yes"
"Yellowchin sculpin","ICEQUA","Icelinus quadriseriatus","Actinopterygii","Scorpaeniformes","Cottidae","Icelinus","yes"
"Longfin sculpin","JORZON","Jordania zonope","Actinopterygii","Scorpaeniformes","Cottidae","Jordania","yes"
"Lavender sculpin","LEIHIR","Leiocottus hirundo","Actinopterygii","Scorpaeniformes","Cottidae","Leiocottus","yes"
"Staghorn sculpin","LEPARM","Leptocottus armatus","Actinopterygii","Scorpaeniformes","Cottidae","Leptocottus","yes"
"Tidepool sculpin","OLIMAC","Oligocottus maculosus","Actinopterygii","Scorpaeniformes","Cottidae","Oligocottus","yes"
"Saddleback sculpin","OLIRIM","Oligocottus rimensis","Actinopterygii","Scorpaeniformes","Cottidae","Oligocottus","yes"
"Rosy sculpin","OLIRUB","Oligocottus rubellio","Actinopterygii","Scorpaeniformes","Cottidae","Oligocottus","yes"
"Fluffy sculpin","OLISNY","Oligocottus snyderi","Actinopterygii","Scorpaeniformes","Cottidae","Oligocottus","yes"
"Snubnose sculpin","ORTTRI","Orthonopias triacis","Actinopterygii","Scorpaeniformes","Cottidae","Orthonopias","yes"
"Roughcheek sculpin","RUSCRE","Ruscarius creaseri","Actinopterygii","Scorpaeniformes","Cottidae","Ruscarius","yes"
"Cabezon","SCOMAR","Scorpaenichthys marmoratus","Actinopterygii","Scorpaeniformes","Cottidae","Scorpaenichthys","yes"
"Silverspotted sculpin","BLECIR","Blepsias cirrhosus","Actinopterygii","Scorpaeniformes","Hemitripteridae","Blepsias","yes"
"Sailfin sculpin","NAUOCU","Nautichthys oculofasciatus","Actinopterygii","Scorpaeniformes","Hemitripteridae","Nautichthys","yes"
"Kelp greenling","HEXDEC","Hexagrammos decagrammus","Actinopterygii","Scorpaeniformes","Hexagrammidae","Hexagrammos","yes"
"Rock greenling","HEXLAG","Hexagrammos lagocephalus","Actinopterygii","Scorpaeniformes","Hexagrammidae","Hexagrammos","yes"
"Lingcod","OPHELO","Ophiodon elongatus","Actinopterygii","Scorpaeniformes","Hexagrammidae","Ophiodon","yes"
"Painted greenling","OXYPIC","Oxylebius pictus","Actinopterygii","Scorpaeniformes","Hexagrammidae","Oxylebius","yes"
"Shortspine combfish","ZANFRE","Zaniolepis frenata","Actinopterygii","Scorpaeniformes","Hexagrammidae","Zaniolepis","yes"
"Longspine combfish","ZANLAT","Zaniolepis latipinnis","Actinopterygii","Scorpaeniformes","Hexagrammidae","Zaniolepis","yes"
"Tidepool snailfish","LIPFLO","Liparis florae","Actinopterygii","Scorpaeniformes","Liparidae","Liparis","yes"
"Slipskin snailfish","LIPFUC","Liparis fucensis","Actinopterygii","Scorpaeniformes","Liparidae","Liparis","yes"
"Spotted scorpionfish","SCOGUT","Scorpaena guttata","Actinopterygii","Scorpaeniformes","Scorpaenidae","Scorpaena","yes"
"Kelp rockfish","SEBATR","Sebastes atrovirens","Actinopterygii","Scorpaeniformes","Sebastidae","Sebastes","yes"
"Brown rockfish","SEBAUR","Sebastes auriculatus","Actinopterygii","Scorpaeniformes","Sebastidae","Sebastes","yes"
"Aurora rockfish","SEBARO","Sebastes aurora","Actinopterygii","Scorpaeniformes","Sebastidae","Sebastes","yes"
"Gopher rockfish","SEBCAR","Sebastes carnatus","Actinopterygii","Scorpaeniformes","Sebastidae","Sebastes","yes"
"Copper rockfish","SEBCAU","Sebastes caurinus","Actinopterygii","Scorpaeniformes","Sebastidae","Sebastes","yes"
"Greenspotted rockfish","SEBCHL","Sebastes chlorostictus","Actinopterygii","Scorpaeniformes","Sebastidae","Sebastes","yes"
"Black and yellow rockfish","SEBCHR","Sebastes chrysomelas","Actinopterygii","Scorpaeniformes","Sebastidae","Sebastes","yes"
"Starry rockfish","SEBCON","Sebastes constellatus","Actinopterygii","Scorpaeniformes","Sebastidae","Sebastes","yes"
"Darkblotched rockfish","SEBCRA","Sebastes crameri","Actinopterygii","Scorpaeniformes","Sebastidae","Sebastes","yes"
"Calico rockfish","SEBDAL","Sebastes dallii","Actinopterygii","Scorpaeniformes","Sebastidae","Sebastes","yes"
"Splitnose rockfish","SEBDIP","Sebastes diploproa","Actinopterygii","Scorpaeniformes","Sebastidae","Sebastes","yes"
"Greenstriped rockfish","SEBELO","Sebastes elongatus","Actinopterygii","Scorpaeniformes","Sebastidae","Sebastes","yes"
"Swordspine rockfish","SEBENS","Sebastes ensifer","Actinopterygii","Scorpaeniformes","Sebastidae","Sebastes","yes"
"Widow rockfish","SEBENT","Sebastes entomelas","Actinopterygii","Scorpaeniformes","Sebastidae","Sebastes","yes"
"Yellowtail rockfish","SEBFLA","Sebastes flavidus","Actinopterygii","Scorpaeniformes","Sebastidae","Sebastes","yes"
"Bronzespotted rockfish","SEBGIL","Sebastes gilli","Actinopterygii","Scorpaeniformes","Sebastidae","Sebastes","yes"
"Chillipepper rockfish","SEBGOO","Sebastes goodei","Actinopterygii","Scorpaeniformes","Sebastidae","Sebastes","yes"
"Rosethorn rockfish","SEBHEL","Sebastes helvomaculatus","Actinopterygii","Scorpaeniformes","Sebastidae","Sebastes","yes"
"Squarespot rockfish","SEBHOP","Sebastes hopkinsi","Actinopterygii","Scorpaeniformes","Sebastidae","Sebastes","yes"
"Shortbelly rockfish","SEBJOR","Sebastes jordani","Actinopterygii","Scorpaeniformes","Sebastidae","Sebastes","yes"
"Cowcod","SEBLEV","Sebastes levis","Actinopterygii","Scorpaeniformes","Sebastidae","Sebastes","yes"
"Quillback rockfish","SEBMAL","Sebastes maliger","Actinopterygii","Scorpaeniformes","Sebastidae","Sebastes","yes"
"Black rockfish","SEBMEL","Sebastes melanops","Actinopterygii","Scorpaeniformes","Sebastidae","Sebastes","yes"
"Blackgill rockfish","SEBMEL","Sebastes melanostomus","Actinopterygii","Scorpaeniformes","Sebastidae","Sebastes","yes"
"Vermillion rockfish","SEBMIN","Sebastes miniatus","Actinopterygii","Scorpaeniformes","Sebastidae","Sebastes","yes"
"Whitespotted rockfish","SEBMOS","Sebastes moseri","Actinopterygii","Scorpaeniformes","Sebastidae","Sebastes","yes"
"Blue rockfish","SEBMYS","Sebastes mystinus","Actinopterygii","Scorpaeniformes","Sebastidae","Sebastes","yes"
"China rockfish","SEBNEB","Sebastes nebulosus","Actinopterygii","Scorpaeniformes","Sebastidae","Sebastes","yes"
"Speckled rockfish","SEBOVA","Sebastes ovalis","Actinopterygii","Scorpaeniformes","Sebastidae","Sebastes","yes"
"Boccacio","SEBPAU","Sebastes paucispinis","Actinopterygii","Scorpaeniformes","Sebastidae","Sebastes","yes"
"Canary rockfish","SEBPIN","Sebastes pinniger","Actinopterygii","Scorpaeniformes","Sebastidae","Sebastes","yes"
"Redstripe rockfish","SEBPRO","Sebastes proriger","Actinopterygii","Scorpaeniformes","Sebastidae","Sebastes","yes"
"Grass rockfish","SEBRAS","Sebastes rastrelliger","Actinopterygii","Scorpaeniformes","Sebastidae","Sebastes","yes"
"Rosy rockfish","SEBROS","Sebastes rosaceus","Actinopterygii","Scorpaeniformes","Sebastidae","Sebastes","yes"
"Greenblotched rockfish","SEBRSN","Sebastes rosenblatti","Actinopterygii","Scorpaeniformes","Sebastidae","Sebastes","yes"
"Yelloweye rockfish","SEBRUB","Sebastes ruberrimus","Actinopterygii","Scorpaeniformes","Sebastidae","Sebastes","yes"
"Flag rockfish","SEBRUB","Sebastes rubrivinctus","Actinopterygii","Scorpaeniformes","Sebastidae","Sebastes","yes"
"Bank rockfish","SEBRUF","Sebastes rufus","Actinopterygii","Scorpaeniformes","Sebastidae","Sebastes","yes"
"Stripetail rockfish","SEBSAX","Sebastes saxicola","Actinopterygii","Scorpaeniformes","Sebastidae","Sebastes","yes"
"Halfbanded rockfish","SEBSEM","Sebastes semicinctus","Actinopterygii","Scorpaeniformes","Sebastidae","Sebastes","yes"
"Olive rockfish","SEBSER","Sebastes serranoides","Actinopterygii","Scorpaeniformes","Sebastidae","Sebastes","yes"
"Tree rockfish","SEBSRI","Sebastes serriceps","Actinopterygii","Scorpaeniformes","Sebastidae","Sebastes","yes"
"Pinkrose rockfish","SEBSIM","Sebastes simulator","Actinopterygii","Scorpaeniformes","Sebastidae","Sebastes","yes"
"Honeycomb rockfish","SEBUMB","Sebastes umbrosus","Actinopterygii","Scorpaeniformes","Sebastidae","Sebastes","yes"
"Pygmy rockfish","SEBWIL","Sebastes wilsoni","Actinopterygii","Scorpaeniformes","Sebastidae","Sebastes","yes"
"Sharpchin rockfish","SEBZAC","Sebastes zacentrus","Actinopterygii","Scorpaeniformes","Sebastidae","Sebastes","yes"
"Shortspine thornyhead","SEBALA","Sebastolobus alascanus","Actinopterygii","Scorpaeniformes","Sebastidae","Sebastolobus","yes"
"Longspine thornyhead","SEBALT","Sebastolobus altivelis","Actinopterygii","Scorpaeniformes","Sebastidae","Sebastolobus","yes"
"Snubnose pipefish","BRYARC","Cosmocampus arctus","Actinopterygii","Syngnathiformes","Syngnathidae","Cosmocampus","yes"
"Pacific seahorse","HIPING","Hippocampus ingens","Actinopterygii","Syngnathiformes","Syngnathidae","Hippocampus","yes"
"Barred pipefish","SYNAUL","Syngnathus auliscus","Actinopterygii","Syngnathiformes","Syngnathidae","Syngnathus","yes"
"Kelp pipefish","SYNCAL","Syngnathus californiensis","Actinopterygii","Syngnathiformes","Syngnathidae","Syngnathus","yes"
"Barcheek pipefish","SYNEXI","Syngnathus exilis","Actinopterygii","Syngnathiformes","Syngnathidae","Syngnathus","yes"
"Bay pipefish","SYNLEP","Syngnathus leptorhynchus","Actinopterygii","Syngnathiformes","Syngnathidae","Syngnathus","yes"
"Ocean sunfish","MOLMOL","Mola mola","Actinopterygii","Tetraodontiformes","Molidae","Mola","yes"
"Bullseye puffer","SPHANN","Sphoeroides annulatus","Actinopterygii","Tetraodontiformes","Tetraodontidae","Sphoeroides","yes"
"Skinflap puffer","SPHLOB","Sphoeroides lobatus","Actinopterygii","Tetraodontiformes","Tetraodontidae","Sphoeroides","yes"
"Blue shark","PRIGLA","Prionace glauca","Elasmobranchii","Carcharhiniformes","Carcharhinidae","Prionace","yes"
"Brown cat shark","APRBRU","Apristurus brunneus","Elasmobranchii","Carcharhiniformes","Scyliorhinidae","Apristurus","yes"
"Swell shark","CEPVEN","Cephaloscyllium ventriosum","Elasmobranchii","Carcharhiniformes","Scyliorhinidae","Cephaloscyllium","yes"
"Filetail cat shark","PARXAN","Parmaturus xaniurus","Elasmobranchii","Carcharhiniformes","Scyliorhinidae","Parmaturus","yes"
"Scalloped hammerhead","SPHLEW","Sphyrna lewini","Elasmobranchii","Carcharhiniformes","Sphyrnidae","Sphyrna","yes"
"Soupfin shark","GALZYG","Galeorhinus galeus","Elasmobranchii","Carcharhiniformes","Triakidae","Galeorhinus","yes"
"Gray smoothhound","MUSCAL","Mustelus californicus","Elasmobranchii","Carcharhiniformes","Triakidae","Mustelus","yes"
"Brown smoothhound","MUSHEN","Mustelus henlei","Elasmobranchii","Carcharhiniformes","Triakidae","Mustelus","yes"
"Leopard shark","TRISEM","Triakis semifasciata","Elasmobranchii","Carcharhiniformes","Triakidae","Triakis","yes"
"California hornshark","HETFRA","Heterodontus francisci","Elasmobranchii","Heterodontiformes","Heterodontidae","Heterodontus","yes"
"Bluntnose sixgill shark","HEXGRI","Hexanchus griseus","Elasmobranchii","Hexanchiformes","Hexanchidae","Hexanchus","yes"
"Broadnose sevengill shark","NOTCEP","Notorynchus cepedianus","Elasmobranchii","Hexanchiformes","Hexanchidae","Notorynchus","yes"
"Bigeye thresher","ALOSUP","Alopias superciliosus","Elasmobranchii","Lamniformes","Alopiidae","Alopias","yes"
"Common thresher shark","ALOVUL","Alopias vulpinus","Elasmobranchii","Lamniformes","Alopiidae","Alopias","yes"
"Basking shark","CETMAX","Cetorhinus maximus","Elasmobranchii","Lamniformes","Cetorhinidae","Cetorhinus","yes"
"White shark","CARCAR","Carcharodon carcharias","Elasmobranchii","Lamniformes","Lamnidae","Carcharodon","yes"
"Shortfin mako","ISUOXY","Isurus oxyrinchus","Elasmobranchii","Lamniformes","Lamnidae","Isurus","yes"
"Salmon shark","LAMDIT","Lamna ditropis","Elasmobranchii","Lamniformes","Lamnidae","Lamna","yes"
"California butterfly ray","GYMMAR","Gymnura marmorata","Elasmobranchii","Myliobatiformes","Gymnuridae","Gymnura","yes"
"Bat ray","MYLCAL","Myliobatis californica","Elasmobranchii","Myliobatiformes","Myliobatidae","Myliobatis","yes"
"Spotted stingray","UROMAC","Urolophus maculatus","Elasmobranchii","Myliobatiformes","Urolophidae","Urolophus","yes"
"Big skate","RAJBIN","Raja binoculata","Elasmobranchii","Rajiformes","Rajidae","Raja","yes"
"California skate","RAJINO","Raja inornata","Elasmobranchii","Rajiformes","Rajidae","Raja","yes"
"Longnose skate","RAJRHI","Raja rhina","Elasmobranchii","Rajiformes","Rajidae","Raja","yes"
"Thornback","PLATRI","Platyrhinoidis triseriata","Elasmobranchii","Rajiformes","Rhinobatidae","Platyrhinoidis","yes"
"Banded guitarfish","ZAPEXA","Zapteryx exasperata","Elasmobranchii","Rajiformes","Rhinobatidae","Zapteryx","yes"
"Spiny dogfish","SQUSUC","Squalus suckleyi","Elasmobranchii","Squaliformes","Squalidae","Squalus","yes"
"Angel shark","SQUCAL","Squatina californica","Elasmobranchii","Squatiniformes","Squatinidae","Squatina","yes"
"Pacific electric ray","TORCAL","Torpedo californica","Elasmobranchii","Torpediniformes","Torpedinidae","Torpedo","yes"
"Spotted ratfish","HYDCOL","Hydrolagus colliei","Holocephali","Chimaeriformes","Chimaeridae","Hydrolagus","yes"
"Black hagfish","EPTDEA","Eptatretus deani","Myxini","Myxiniformes","Myxinidae","Eptatretus","yes"
"Pacifc hagfish","EPTSTO","Eptatretus stoutii","Myxini","Myxiniformes","Myxinidae","Eptatretus","yes"
"California sheephead","BODPUL","Bodianus pulcher",NA,NA,NA,NA,"no"
"Salema","BRACAL","Brachygenys californiensis",NA,NA,NA,NA,"no"
"Zebraperch","KYPAZU","Kyphosus azureus",NA,NA,NA,NA,"no"
"Opah","LAMMEG","Lampris megalopsis",NA,NA,NA,NA,"no"
"Shovelnose guitarfish","PSEPRO","Pseudobatos productus",NA,NA,NA,NA,"no"
"California tonguefish","SYMATR","Symphurus atricauda",NA,NA,NA,NA,"no"
"Round stingray","UROHAL","Urobatis halleri",NA,NA,NA,NA,"no"
