"comm_name","species","class","order","family","genus"
"Green sturgeon","Acipenser medirostris","Actinopterygii","Acipenseriformes","Acipenseridae","Acipenser"
"White sturgeon","Acipenser transmontanus","Actinopterygii","Acipenseriformes","Acipenseridae","Acipenser"
"Bonefish","Albula vulpes","Actinopterygii","Albuliformes","Albulidae","Albula"
"Hardtail conger","Gnathophis cinctus","Actinopterygii","Anguilliformes","Congridae","Gnathophis"
"California moray","Gymnothorax mordax","Actinopterygii","Anguilliformes","Muraenidae","Gymnothorax"
"Slender snipe eel","Nemichthys scolopaceus","Actinopterygii","Anguilliformes","Nemichthyidae","Nemichthys"
"Pacific worm eel","Myrophis vafer","Actinopterygii","Anguilliformes","Ophichthidae","Myrophis"
"Pacific snake eel","Ophichthus triserialis","Actinopterygii","Anguilliformes","Ophichthidae","Ophichthus"
"Yellow snake eel","Ophichthus zophochir","Actinopterygii","Anguilliformes","Ophichthidae","Ophichthus"
"Topsmelt silverside","Atherinops affinis","Actinopterygii","Atheriniformes","Atherinopsidae","Atherinops"
"Jack silverside","Atherinopsis californiensis","Actinopterygii","Atheriniformes","Atherinopsidae","Atherinopsis"
"California grunion","Leuresthes tenuis","Actinopterygii","Atheriniformes","Atherinopsidae","Leuresthes"
"Long snouted lancetfish","Alepisaurus ferox","Actinopterygii","Aulopiformes","Alepisauridae","Alepisaurus"
"Daggertooth","Anotopterus pharao","Actinopterygii","Aulopiformes","Anotopteridae","Anotopterus"
"Slender barracudina","Lestidiops ringens","Actinopterygii","Aulopiformes","Paralepididae","Lestidiops"
"Northern pearleye","Benthalbella dentata","Actinopterygii","Aulopiformes","Scopelarchidae","Benthalbella"
"California lizardfish","Synodus lucioceps","Actinopterygii","Aulopiformes","Synodontidae","Synodus"
"Specklefin midshipman","Porichthys myriaster","Actinopterygii","Batrachoidiformes","Batrachoididae","Porichthys"
"Plainfin midshipman","Porichthys notatus","Actinopterygii","Batrachoidiformes","Batrachoididae","Porichthys"
"Californian needlefish","Strongylura exilis","Actinopterygii","Beloniformes","Belonidae","Strongylura"
"Mediterranean flyingfish","Cheilopogon heterurus","Actinopterygii","Beloniformes","Exocoetidae","Cheilopogon"
"California flyingfish","Cheilopogon pinnatibarbatus californicus","Actinopterygii","Beloniformes","Exocoetidae","Cheilopogon"
"Sharpchin flyingfish","Fodiator acutus","Actinopterygii","Beloniformes","Exocoetidae","Fodiator"
"Black wing flyingfish","Hirundichthys rondeletii","Actinopterygii","Beloniformes","Exocoetidae","Hirundichthys"
"Ribbon halfbeak","Euleptorhamphus viridis","Actinopterygii","Beloniformes","Hemiramphidae","Euleptorhamphus"
"Longfin halfbeak","Hemiramphus saltator","Actinopterygii","Beloniformes","Hemiramphidae","Hemiramphus"
"California halfbeak","Hyporhamphus rosae","Actinopterygii","Beloniformes","Hemiramphidae","Hyporhamphus"
"Common halfbeak","Hyporhamphus unifasciatus","Actinopterygii","Beloniformes","Hemiramphidae","Hyporhamphus"
"Pacific saury","Cololabis saira","Actinopterygii","Beloniformes","Scomberesocidae","Cololabis"
"American shad","Alosa sapidissima","Actinopterygii","Clupeiformes","Clupeidae","Alosa"
"Pacific herring","Clupea pallasii pallasii","Actinopterygii","Clupeiformes","Clupeidae","Clupea"
"Threadfin shad","Dorosoma petenense","Actinopterygii","Clupeiformes","Clupeidae","Dorosoma"
"Pacific flatiron herring","Harengula thrissina","Actinopterygii","Clupeiformes","Clupeidae","Harengula"
"Middling thread herring","Opisthonema medirastre","Actinopterygii","Clupeiformes","Clupeidae","Opisthonema"
"South american pilchard","Sardinops sagax","Actinopterygii","Clupeiformes","Clupeidae","Sardinops"
"Red-eye round herring","Etrumeus sadina","Actinopterygii","Clupeiformes","Dussumieriidae","Etrumeus"
"Deep body anchovy","Anchoa compressa","Actinopterygii","Clupeiformes","Engraulidae","Anchoa"
"Slough anchovy","Anchoa delicatissima","Actinopterygii","Clupeiformes","Engraulidae","Anchoa"
"Pacific anchoveta","Cetengraulis mysticetus","Actinopterygii","Clupeiformes","Engraulidae","Cetengraulis"
"Californian anchovy","Engraulis mordax","Actinopterygii","Clupeiformes","Engraulidae","Engraulis"
"California killifish","Fundulus parvipinnis","Actinopterygii","Cyprinodontiformes","Fundulidae","Fundulus"
"Machete","Elops affinis","Actinopterygii","Elopiformes","Elopidae","Elops"
"Pacific cod","Gadus macrocephalus","Actinopterygii","Gadiformes","Gadidae","Gadus"
"Pacific tomcod","Microgadus proximus","Actinopterygii","Gadiformes","Gadidae","Microgadus"
"Pacific grenadier","Coryphaenoides acrolepis","Actinopterygii","Gadiformes","Macrouridae","Coryphaenoides"
"California grenadier","Nezumia stelgidolepis","Actinopterygii","Gadiformes","Macrouridae","Nezumia"
"North pacific hake","Merluccius productus","Actinopterygii","Gadiformes","Merlucciidae","Merluccius"
"Finescale mora","Antimora microlepis","Actinopterygii","Gadiformes","Moridae","Antimora"
"Hundred fathom mora","Physiculus rastrelliger","Actinopterygii","Gadiformes","Moridae","Physiculus"
"Tube-snout","Aulorhynchus flavidus","Actinopterygii","Gasterosteiformes","Aulorhynchidae","Aulorhynchus"
"Three-spined stickleback","Gasterosteus aculeatus","Actinopterygii","Gasterosteiformes","Gasterosteidae","Gasterosteus"
"Lined clingfish","Gobiesox eugrammus","Actinopterygii","Gobiesociformes","Gobiesocidae","Gobiesox"
"Northern clingfish","Gobiesox maeandricus","Actinopterygii","Gobiesociformes","Gobiesocidae","Gobiesox"
"Bearded clingfish","Gobiesox papillifer","Actinopterygii","Gobiesociformes","Gobiesocidae","Gobiesox"
"California clingfish","Gobiesox rhessodon","Actinopterygii","Gobiesociformes","Gobiesocidae","Gobiesox"
"Southern clingfish","Rimicola dimorpha","Actinopterygii","Gobiesociformes","Gobiesocidae","Rimicola"
"Slender clingfish","Rimicola eigenmanni","Actinopterygii","Gobiesociformes","Gobiesocidae","Rimicola"
"Kelp clingfish","Rimicola muscarum","Actinopterygii","Gobiesociformes","Gobiesocidae","Rimicola"
"Opah","Lampris guttatus","Actinopterygii","Lampriformes","Lampridae","Lampris"
"Crested oarfish","Lophotus lacepede","Actinopterygii","Lampriformes","Lophotidae","Lophotus"
"King of herrings","Regalecus glesne","Actinopterygii","Lampriformes","Regalecidae","Regalecus"
"Polka-dot ribbonfish","Desmodema polystictum","Actinopterygii","Lampriformes","Trachipteridae","Desmodema"
"King-of-the-salmon","Trachipterus altivelis","Actinopterygii","Lampriformes","Trachipteridae","Trachipterus"
"Tapertail ribbonfish","Trachipterus fukuzakii","Actinopterygii","Lampriformes","Trachipteridae","Trachipterus"
"Scalloped ribbonfish","Zu cristatus","Actinopterygii","Lampriformes","Trachipteridae","Zu"
"Roughbar frogfish","Fowlerichthys avalonis","Actinopterygii","Lophiiformes","Antennariidae","Fowlerichthys"
"Triplewart seadevil","Cryptopsaras couesii","Actinopterygii","Lophiiformes","Ceratiidae","Cryptopsaras"
"Roundel batfish","Zalieutes elater","Actinopterygii","Lophiiformes","Ogcocephalidae","Zalieutes"
"Flathead grey mullet","Mugil cephalus","Actinopterygii","Mugiliformes","Mugilidae","Mugil"
"California headlightfish","Diaphus theta","Actinopterygii","Myctophiformes","Myctophidae","Diaphus"
"Broadfin lampfish","Nannobrachium ritteri","Actinopterygii","Myctophiformes","Myctophidae","Nannobrachium"
"California flashlightfish","Protomyctophum crockeri","Actinopterygii","Myctophiformes","Myctophidae","Protomyctophum"
"Northern lampfish","Stenobrachius leucopsarus","Actinopterygii","Myctophiformes","Myctophidae","Stenobrachius"
"Bigfin lanternfish","Symbolophorus californiensis","Actinopterygii","Myctophiformes","Myctophidae","Symbolophorus"
"Blue lanternfish","Tarletonbeania crenularis","Actinopterygii","Myctophiformes","Myctophidae","Tarletonbeania"
"Mexican lampfish","Triphoturus mexicanus","Actinopterygii","Myctophiformes","Myctophidae","Triphoturus"
"Red brotula","Brosmophycis marginata","Actinopterygii","Ophidiiformes","Bythitidae","Brosmophycis"
"Purple brotula","Grammonus diagrammus","Actinopterygii","Ophidiiformes","Bythitidae","Grammonus"
"Spotted cusk-eel","Chilara taylori","Actinopterygii","Ophidiiformes","Ophidiidae","Chilara"
"Basketweave cusk-eel","Ophidion scrippsae","Actinopterygii","Ophidiiformes","Ophidiidae","Ophidion"
"California slickhead","Alepocephalus tenebrosus","Actinopterygii","Osmeriformes","Alepocephalidae","Alepocephalus"
"North-pacific argentine","Argentina sialis","Actinopterygii","Osmeriformes","Argentinidae","Argentina"
"Snubnose blacksmelt","Bathylagoides wesethi","Actinopterygii","Osmeriformes","Bathylagidae","Bathylagoides"
"Slender blacksmelt","Bathylagus pacificus","Actinopterygii","Osmeriformes","Bathylagidae","Bathylagus"
"California smoothtongue","Leuroglossus stilbius","Actinopterygii","Osmeriformes","Bathylagidae","Leuroglossus"
"Eared blacksmelt","Lipolagus ochotensis","Actinopterygii","Osmeriformes","Bathylagidae","Lipolagus"
"Stout blacksmelt","Pseudobathylagus milleri","Actinopterygii","Osmeriformes","Bathylagidae","Pseudobathylagus"
"Barreleye","Macropinna microstoma","Actinopterygii","Osmeriformes","Opisthoproctidae","Macropinna"
"Whitebait smelt","Allosmerus elongatus","Actinopterygii","Osmeriformes","Osmeridae","Allosmerus"
"Surf smelt","Hypomesus pretiosus","Actinopterygii","Osmeriformes","Osmeridae","Hypomesus"
"Delta smelt","Hypomesus transpacificus","Actinopterygii","Osmeriformes","Osmeridae","Hypomesus"
"Night smelt","Spirinchus starksi","Actinopterygii","Osmeriformes","Osmeridae","Spirinchus"
"Longfin smelt","Spirinchus thaleichthys","Actinopterygii","Osmeriformes","Osmeridae","Spirinchus"
"Eulachon","Thaleichthys pacificus","Actinopterygii","Osmeriformes","Osmeridae","Thaleichthys"
"Pacific sand lance","Ammodytes hexapterus","Actinopterygii","Perciformes","Ammodytidae","Ammodytes"
"Wolf-eel","Anarrhichthys ocellatus","Actinopterygii","Perciformes","Anarhichadidae","Anarrhichthys"
"Guadalupe cardinalfish","Apogon guadalupensis","Actinopterygii","Perciformes","Apogonidae","Apogon"
"Rough ronquil","Rathbunella alleni","Actinopterygii","Perciformes","Bathymasteridae","Rathbunella"
"Smooth ronquil","Rathbunella hypoplecta","Actinopterygii","Perciformes","Bathymasteridae","Rathbunella"
"Northern ronquil","Ronquilus jordani","Actinopterygii","Perciformes","Bathymasteridae","Ronquilus"
"Bay blenny","Hypsoblennius gentilis","Actinopterygii","Perciformes","Blenniidae","Hypsoblennius"
"Rockpool blenny","Hypsoblennius gilberti","Actinopterygii","Perciformes","Blenniidae","Hypsoblennius"
"Mussel blenny","Hypsoblennius jenkinsi","Actinopterygii","Perciformes","Blenniidae","Hypsoblennius"
"Pacific pomfret","Brama japonica","Actinopterygii","Perciformes","Bramidae","Brama"
"Bigtooth pomfret","Brama orcini","Actinopterygii","Perciformes","Bramidae","Brama"
"Pacific fanfish","Pteraclis aesticola","Actinopterygii","Perciformes","Bramidae","Pteraclis"
"Spotted fanfish","Pteraclis velifera","Actinopterygii","Perciformes","Bramidae","Pteraclis"
"Rough pomfret","Taractes asper","Actinopterygii","Perciformes","Bramidae","Taractes"
"Big-scale pomfret","Taractichthys longipinnis","Actinopterygii","Perciformes","Bramidae","Taractichthys"
"Sickle pomfret","Taractichthys steindachneri","Actinopterygii","Perciformes","Bramidae","Taractichthys"
"Green jack","Caranx caballus","Actinopterygii","Perciformes","Carangidae","Caranx"
"Crevalle jack","Caranx hippos","Actinopterygii","Perciformes","Carangidae","Caranx"
"Pacific bumper","Chloroscombrus orqueta","Actinopterygii","Perciformes","Carangidae","Chloroscombrus"
"Amberstripe scad","Decapterus muroadsi","Actinopterygii","Perciformes","Carangidae","Decapterus"
"Pilotfish","Naucrates ductor","Actinopterygii","Perciformes","Carangidae","Naucrates"
"Leatherjacket","Oligoplites saurus","Actinopterygii","Perciformes","Carangidae","Oligoplites"
"Peruvian moonfish","Selene peruviana","Actinopterygii","Perciformes","Carangidae","Selene"
"Yellowtail amberjack","Seriola lalandi","Actinopterygii","Perciformes","Carangidae","Seriola"
"Longfin yellowtail","Seriola rivoliana","Actinopterygii","Perciformes","Carangidae","Seriola"
"Paloma pompano","Trachinotus paitensis","Actinopterygii","Perciformes","Carangidae","Trachinotus"
"Gafftopsail pompano","Trachinotus rhodopus","Actinopterygii","Perciformes","Carangidae","Trachinotus"
"Pacific jack mackerel","Trachurus symmetricus","Actinopterygii","Perciformes","Carangidae","Trachurus"
"Cottonmouth jack","Uraspis secunda","Actinopterygii","Perciformes","Carangidae","Uraspis"
"Medusafish","Icichthys lockingtoni","Actinopterygii","Perciformes","Centrolophidae","Icichthys"
"Orangethroat pikeblenny","Chaenopsis alepidota","Actinopterygii","Perciformes","Chaenopsidae","Chaenopsis"
"Sarcastic fringehead","Neoclinus blanchardi","Actinopterygii","Perciformes","Chaenopsidae","Neoclinus"
"Yellowfin fringehead","Neoclinus stephensae","Actinopterygii","Perciformes","Chaenopsidae","Neoclinus"
"Onespot fringehead","Neoclinus uninotatus","Actinopterygii","Perciformes","Chaenopsidae","Neoclinus"
"Threebanded butterflyfish","Chaetodon humeralis","Actinopterygii","Perciformes","Chaetodontidae","Chaetodon"
"Scythemarked butterflyfish","Prognathodes falcifer","Actinopterygii","Perciformes","Chaetodontidae","Prognathodes"
"Spotted kelpfish","Gibbonsia elegans","Actinopterygii","Perciformes","Clinidae","Gibbonsia"
"Striped kelpfish","Gibbonsia metzi","Actinopterygii","Perciformes","Clinidae","Gibbonsia"
"Crevice kelpfish","Gibbonsia montereyensis","Actinopterygii","Perciformes","Clinidae","Gibbonsia"
"Giant kelpfish","Heterostichus rostratus","Actinopterygii","Perciformes","Clinidae","Heterostichus"
"Common dolphinfish","Coryphaena hippurus","Actinopterygii","Perciformes","Coryphaenidae","Coryphaena"
"Dwarf wrymouth","Cryptacanthodes aleutensis","Actinopterygii","Perciformes","Cryptacanthodidae","Cryptacanthodes"
"Giant wrymouth","Cryptacanthodes giganteus","Actinopterygii","Perciformes","Cryptacanthodidae","Cryptacanthodes"
"Live sharksucker","Echeneis naucrates","Actinopterygii","Perciformes","Echeneidae","Echeneis"
"Slender suckerfish","Phtheirichthys lineatus","Actinopterygii","Perciformes","Echeneidae","Phtheirichthys"
"White suckerfish","Remora albescens","Actinopterygii","Perciformes","Echeneidae","Remora"
"Whalesucker","Remora australis","Actinopterygii","Perciformes","Echeneidae","Remora"
"Spearfish remora","Remora brachyptera","Actinopterygii","Perciformes","Echeneidae","Remora"
"Marlin sucker","Remora osteochir","Actinopterygii","Perciformes","Echeneidae","Remora"
"Shark sucker","Remora remora","Actinopterygii","Perciformes","Echeneidae","Remora"
"Pacific fat sleeper","Dormitator latifrons","Actinopterygii","Perciformes","Eleotridae","Dormitator"
"Barred surfperch","Amphistichus argenteus","Actinopterygii","Perciformes","Embiotocidae","Amphistichus"
"Calico surfperch","Amphistichus koelzi","Actinopterygii","Perciformes","Embiotocidae","Amphistichus"
"Redtail surfperch","Amphistichus rhodoterus","Actinopterygii","Perciformes","Embiotocidae","Amphistichus"
"Kelp perch","Brachyistius frenatus","Actinopterygii","Perciformes","Embiotocidae","Brachyistius"
"Shiner perch","Cymatogaster aggregata","Actinopterygii","Perciformes","Embiotocidae","Cymatogaster"
"Black perch","Embiotoca jacksoni","Actinopterygii","Perciformes","Embiotocidae","Embiotoca"
"Striped seaperch","Embiotoca lateralis","Actinopterygii","Perciformes","Embiotocidae","Embiotoca"
"Spotfin surfperch","Hyperprosopon anale","Actinopterygii","Perciformes","Embiotocidae","Hyperprosopon"
"Walleye surfperch","Hyperprosopon argenteum","Actinopterygii","Perciformes","Embiotocidae","Hyperprosopon"
"Silver surfperch","Hyperprosopon ellipticum","Actinopterygii","Perciformes","Embiotocidae","Hyperprosopon"
"Rainbow seaperch","Hypsurus caryi","Actinopterygii","Perciformes","Embiotocidae","Hypsurus"
"Reef perch","Micrometrus aurora","Actinopterygii","Perciformes","Embiotocidae","Micrometrus"
"Dwarf perch","Micrometrus minimus","Actinopterygii","Perciformes","Embiotocidae","Micrometrus"
"Sharpnose seaperch","Phanerodon atripes","Actinopterygii","Perciformes","Embiotocidae","Phanerodon"
"White seaperch","Phanerodon furcatus","Actinopterygii","Perciformes","Embiotocidae","Phanerodon"
"Rubberlip seaperch","Rhacochilus toxotes","Actinopterygii","Perciformes","Embiotocidae","Rhacochilus"
"Pile perch","Rhacochilus vacca","Actinopterygii","Perciformes","Embiotocidae","Rhacochilus"
"Pink seaperch","Zalembius rosaceus","Actinopterygii","Perciformes","Embiotocidae","Zalembius"
"Pacific spadefish","Chaetodipterus zonatus","Actinopterygii","Perciformes","Ephippidae","Chaetodipterus"
"Snake mackerel","Gempylus serpens","Actinopterygii","Perciformes","Gempylidae","Gempylus"
"Oilfish","Ruvettus pretiosus","Actinopterygii","Perciformes","Gempylidae","Ruvettus"
"Silver mojarra","Eucinostomus argenteus","Actinopterygii","Perciformes","Gerreidae","Eucinostomus"
"Graceful mojarra","Eucinostomus gracilis","Actinopterygii","Perciformes","Gerreidae","Eucinostomus"
"Yellowfin goby","Acanthogobius flavimanus","Actinopterygii","Perciformes","Gobiidae","Acanthogobius"
"Arrow goby","Clevelandia ios","Actinopterygii","Perciformes","Gobiidae","Clevelandia"
"Longtail goby","Ctenogobius sagittula","Actinopterygii","Perciformes","Gobiidae","Ctenogobius"
"Tidewater goby","Eucyclogobius newberryi","Actinopterygii","Perciformes","Gobiidae","Eucyclogobius"
"Longjaw mudsucker","Gillichthys mirabilis","Actinopterygii","Perciformes","Gobiidae","Gillichthys"
"Cheekspot goby","Ilypnus gilberti","Actinopterygii","Perciformes","Gobiidae","Ilypnus"
"Bay goby","Lepidogobius lepidus","Actinopterygii","Perciformes","Gobiidae","Lepidogobius"
"Halfblind goby","Lethops connectens","Actinopterygii","Perciformes","Gobiidae","Lethops"
"Bluebanded goby","Lythrypnus dalli","Actinopterygii","Perciformes","Gobiidae","Lythrypnus"
"Zebra goby","Lythrypnus zebra","Actinopterygii","Perciformes","Gobiidae","Lythrypnus"
"American shadow goby","Quietula y-cauda","Actinopterygii","Perciformes","Gobiidae","Quietula"
"Blackeye goby","Rhinogobiops nicholsii","Actinopterygii","Perciformes","Gobiidae","Rhinogobiops"
"Chameleon goby","Tridentiger trigonocephalus","Actinopterygii","Perciformes","Gobiidae","Tridentiger"
"Blind goby","Typhlogobius californiensis","Actinopterygii","Perciformes","Gobiidae","Typhlogobius"
"Xantic sargo","Anisotremus davidsonii","Actinopterygii","Perciformes","Haemulidae","Anisotremus"
"Californian salema","Haemulon californiensis","Actinopterygii","Perciformes","Haemulidae","Haemulon"
"Ragfish","Icosteus aenigmaticus","Actinopterygii","Perciformes","Icosteidae","Icosteus"
"Black marlin","Istiompax indica","Actinopterygii","Perciformes","Istiophoridae","Istiompax"
"Indo-pacific sailfish","Istiophorus platypterus","Actinopterygii","Perciformes","Istiophoridae","Istiophorus"
"Striped marlin","Kajikia audax","Actinopterygii","Perciformes","Istiophoridae","Kajikia"
"Blue marlin","Makaira nigricans","Actinopterygii","Perciformes","Istiophoridae","Makaira"
"Shortbill spearfish","Tetrapturus angustirostris","Actinopterygii","Perciformes","Istiophoridae","Tetrapturus"
"Opaleye","Girella nigricans","Actinopterygii","Perciformes","Kyphosidae","Girella"
"Halfmoon","Medialuna californiensis","Actinopterygii","Perciformes","Kyphosidae","Medialuna"
"Rock wrasse","Halichoeres semicinctus","Actinopterygii","Perciformes","Labridae","Halichoeres"
"Señorita","Oxyjulis californica","Actinopterygii","Perciformes","Labridae","Oxyjulis"
"California sheephead","Semicossyphus pulcher","Actinopterygii","Perciformes","Labridae","Semicossyphus"
"Island kelpfish","Alloclinus holderi","Actinopterygii","Perciformes","Labrisomidae","Alloclinus"
"Deep-water blenny","Cryptotrema corallinum","Actinopterygii","Perciformes","Labrisomidae","Cryptotrema"
"Reef finspot","Paraclinus integripinnis","Actinopterygii","Perciformes","Labrisomidae","Paraclinus"
"Luvar","Luvarus imperialis","Actinopterygii","Perciformes","Luvaridae","Luvarus"
"Ocean whitefish","Caulolatilus princeps","Actinopterygii","Perciformes","Malacanthidae","Caulolatilus"
"Striped bass","Morone saxatilis","Actinopterygii","Perciformes","Moronidae","Morone"
"Mexican goatfish","Mulloidichthys dentatus","Actinopterygii","Perciformes","Mullidae","Mulloidichthys"
"Roosterfish","Nematistius pectoralis","Actinopterygii","Perciformes","Nematistiidae","Nematistius"
"Pelagic armourhead","Pentaceros richardsoni","Actinopterygii","Perciformes","Pentacerotidae","Pentaceros"
"Penpoint gunnel","Apodichthys flavidus","Actinopterygii","Perciformes","Pholidae","Apodichthys"
"Rockweed gunnel","Apodichthys fucorum","Actinopterygii","Perciformes","Pholidae","Apodichthys"
"Crescent gunnel","Pholis laeta","Actinopterygii","Perciformes","Pholidae","Pholis"
"Saddleback gunnel","Pholis ornata","Actinopterygii","Perciformes","Pholidae","Pholis"
"Red gunnel","Pholis schultzi","Actinopterygii","Perciformes","Pholidae","Pholis"
"Kelp gunnel","Ulvicola sanctaerosae","Actinopterygii","Perciformes","Pholidae","Ulvicola"
"Blue bobo","Polydactylus approximans","Actinopterygii","Perciformes","Polynemidae","Polydactylus"
"Yellow bobo","Polydactylus opercularis","Actinopterygii","Perciformes","Polynemidae","Polydactylus"
"Giant seabass","Stereolepis gigas","Actinopterygii","Perciformes","Polyprionidae","Stereolepis"
"Blacksmith","Chromis punctipinnis","Actinopterygii","Perciformes","Pomacentridae","Chromis"
"Garibaldi damselfish","Hypsypops rubicundus","Actinopterygii","Perciformes","Pomacentridae","Hypsypops"
"Popeye catalufa","Pristigenys serrula","Actinopterygii","Perciformes","Priacanthidae","Pristigenys"
"White weakfish","Atractoscion nobilis","Actinopterygii","Perciformes","Sciaenidae","Atractoscion"
"Ronco croaker","Bairdiella icistia","Actinopterygii","Perciformes","Sciaenidae","Bairdiella"
"Black croaker","Cheilotrema saturnum","Actinopterygii","Perciformes","Sciaenidae","Cheilotrema"
"Shortfin weakfish","Cynoscion parvipinnis","Actinopterygii","Perciformes","Sciaenidae","Cynoscion"
"Orangemouth weakfish","Cynoscion xanthulus","Actinopterygii","Perciformes","Sciaenidae","Cynoscion"
"White croaker","Genyonemus lineatus","Actinopterygii","Perciformes","Sciaenidae","Genyonemus"
"California kingcroaker","Menticirrhus undulatus","Actinopterygii","Perciformes","Sciaenidae","Menticirrhus"
"Spotfin croaker","Roncador stearnsii","Actinopterygii","Perciformes","Sciaenidae","Roncador"
"Queen croaker","Seriphus politus","Actinopterygii","Perciformes","Sciaenidae","Seriphus"
"Yellowfin drum","Umbrina roncador","Actinopterygii","Perciformes","Sciaenidae","Umbrina"
"Slender tuna","Allothunnus fallai","Actinopterygii","Perciformes","Scombridae","Allothunnus"
"Bullet tuna","Auxis rochei","Actinopterygii","Perciformes","Scombridae","Auxis"
"Frigate tuna","Auxis thazard","Actinopterygii","Perciformes","Scombridae","Auxis"
"Kawakawa","Euthynnus affinis","Actinopterygii","Perciformes","Scombridae","Euthynnus"
"Black skipjack","Euthynnus lineatus","Actinopterygii","Perciformes","Scombridae","Euthynnus"
"Skipjack tuna","Katsuwonus pelamis","Actinopterygii","Perciformes","Scombridae","Katsuwonus"
"Eastern pacific bonito","Sarda chiliensis","Actinopterygii","Perciformes","Scombridae","Sarda"
"Chub mackerel","Scomber japonicus","Actinopterygii","Perciformes","Scombridae","Scomber"
"Monterey spanish mackerel","Scomberomorus concolor","Actinopterygii","Perciformes","Scombridae","Scomberomorus"
"Pacific sierra","Scomberomorus sierra","Actinopterygii","Perciformes","Scombridae","Scomberomorus"
"Albacore","Thunnus alalunga","Actinopterygii","Perciformes","Scombridae","Thunnus"
"Yellowfin tuna","Thunnus albacares","Actinopterygii","Perciformes","Scombridae","Thunnus"
"Bigeye tuna","Thunnus obesus","Actinopterygii","Perciformes","Scombridae","Thunnus"
"Atlantic bluefin tuna","Thunnus thynnus","Actinopterygii","Perciformes","Scombridae","Thunnus"
"Graveldiver","Scytalina cerdale","Actinopterygii","Perciformes","Scytalinidae","Scytalina"
"Spotted grouper","Epinephelus analogus","Actinopterygii","Perciformes","Serranidae","Epinephelus"
"Splittail bass","Hemanthias peruanus","Actinopterygii","Perciformes","Serranidae","Hemanthias"
"Snowy grouper","Hyporthodus niveatus","Actinopterygii","Perciformes","Serranidae","Hyporthodus"
"Gulf grouper","Mycteroperca jordani","Actinopterygii","Perciformes","Serranidae","Mycteroperca"
"Broomtail grouper","Mycteroperca xenarcha","Actinopterygii","Perciformes","Serranidae","Mycteroperca"
"Kelp bass","Paralabrax clathratus","Actinopterygii","Perciformes","Serranidae","Paralabrax"
"Spotted sand bass","Paralabrax maculatofasciatus","Actinopterygii","Perciformes","Serranidae","Paralabrax"
"Barred sand bass","Paralabrax nebulifer","Actinopterygii","Perciformes","Serranidae","Paralabrax"
"Pacific porgy","Calamus brachysomus","Actinopterygii","Perciformes","Sparidae","Calamus"
"Pacific barracuda","Sphyraena argentea","Actinopterygii","Perciformes","Sphyraenidae","Sphyraena"
"High cockscomb","Anoplarchus purpurescens","Actinopterygii","Perciformes","Stichaeidae","Anoplarchus"
"Monkeyface prickleback","Cebidichthys violaceus","Actinopterygii","Perciformes","Stichaeidae","Cebidichthys"
"Mosshead warbonnet","Chirolophis nugator","Actinopterygii","Perciformes","Stichaeidae","Chirolophis"
"Snake prickleback","Lumpenus sagitta","Actinopterygii","Perciformes","Stichaeidae","Lumpenus"
"Ribbon prickleback","Phytichthys chirus","Actinopterygii","Perciformes","Stichaeidae","Phytichthys"
"Crisscross prickleback","Plagiogrammus hopkinsii","Actinopterygii","Perciformes","Stichaeidae","Plagiogrammus"
"Bluebarred prickleback","Plectobranchus evides","Actinopterygii","Perciformes","Stichaeidae","Plectobranchus"
"Whitebarred prickleback","Poroclinus rothrocki","Actinopterygii","Perciformes","Stichaeidae","Poroclinus"
"Black prickleback","Xiphister atropurpureus","Actinopterygii","Perciformes","Stichaeidae","Xiphister"
"Rock prickleback","Xiphister mucosus","Actinopterygii","Perciformes","Stichaeidae","Xiphister"
"Pacific pompano","Peprilus simillimus","Actinopterygii","Perciformes","Stromateidae","Peprilus"
"Smalleye squaretail","Tetragonurus cuvieri","Actinopterygii","Perciformes","Tetragonuridae","Tetragonurus"
"Razorback scabbardfish","Assurger anzac","Actinopterygii","Perciformes","Trichiuridae","Assurger"
"Silver scabbardfish","Lepidopus caudatus","Actinopterygii","Perciformes","Trichiuridae","Lepidopus"
"Largehead hairtail","Trichiurus lepturus","Actinopterygii","Perciformes","Trichiuridae","Trichiurus"
"Pacific sandfish","Trichodon trichodon","Actinopterygii","Perciformes","Trichodontidae","Trichodon"
"Smooth stargazer","Kathetostoma averruncus","Actinopterygii","Perciformes","Uranoscopidae","Kathetostoma"
"Swordfish","Xiphias gladius","Actinopterygii","Perciformes","Xiphiidae","Xiphias"
"Prowfish","Zaprora silenus","Actinopterygii","Perciformes","Zaproridae","Zaprora"
"Twoline eelpout","Bothrocara brunneum","Actinopterygii","Perciformes","Zoarcidae","Bothrocara"
"Soft eelpout","Bothrocara molle","Actinopterygii","Perciformes","Zoarcidae","Bothrocara"
"Snakehead eelpout","Lycenchelys crotalinus","Actinopterygii","Perciformes","Zoarcidae","Lycenchelys"
"Blackmouth eelpout","Lycodapus fierasfer","Actinopterygii","Perciformes","Zoarcidae","Lycodapus"
"Pallid eelpout","Lycodapus mandibularis","Actinopterygii","Perciformes","Zoarcidae","Lycodapus"
"Bigfin eelpout","Lycodes cortezianus","Actinopterygii","Perciformes","Zoarcidae","Lycodes"
"Black eelpout","Lycodes diapterus","Actinopterygii","Perciformes","Zoarcidae","Lycodes"
"Blackbelly eelpout","Lycodes pacificus","Actinopterygii","Perciformes","Zoarcidae","Lycodes"
"Bearded eelpout","Lyconema barbatum","Actinopterygii","Perciformes","Zoarcidae","Lyconema"
"Midwater eelpout","Melanostigma pammelas","Actinopterygii","Perciformes","Zoarcidae","Melanostigma"
"California tonguefish","Symphurus atricaudus","Actinopterygii","Pleuronectiformes","Cynoglossidae","Symphurus"
"Pacific sanddab","Citharichthys sordidus","Actinopterygii","Pleuronectiformes","Paralichthyidae","Citharichthys"
"Speckled sanddab","Citharichthys stigmaeus","Actinopterygii","Pleuronectiformes","Paralichthyidae","Citharichthys"
"Longfin sanddab","Citharichthys xanthostigma","Actinopterygii","Pleuronectiformes","Paralichthyidae","Citharichthys"
"Bigmouth flounder","Hippoglossina stomata","Actinopterygii","Pleuronectiformes","Paralichthyidae","Hippoglossina"
"California flounder","Paralichthys californicus","Actinopterygii","Pleuronectiformes","Paralichthyidae","Paralichthys"
"Fantail flounder","Xystreurys liolepis","Actinopterygii","Pleuronectiformes","Paralichthyidae","Xystreurys"
"Arrow-tooth flounder","Atheresthes stomias","Actinopterygii","Pleuronectiformes","Pleuronectidae","Atheresthes"
"Deep-sea sole","Embassichthys bathybius","Actinopterygii","Pleuronectiformes","Pleuronectidae","Embassichthys"
"Petrale sole","Eopsetta jordani","Actinopterygii","Pleuronectiformes","Pleuronectidae","Eopsetta"
"Rex sole","Glyptocephalus zachirus","Actinopterygii","Pleuronectiformes","Pleuronectidae","Glyptocephalus"
"Flathead sole","Hippoglossoides elassodon","Actinopterygii","Pleuronectiformes","Pleuronectidae","Hippoglossoides"
"Pacific halibut","Hippoglossus stenolepis","Actinopterygii","Pleuronectiformes","Pleuronectidae","Hippoglossus"
"Diamond turbot","Hypsopsetta guttulata","Actinopterygii","Pleuronectiformes","Pleuronectidae","Hypsopsetta"
"Butter sole","Isopsetta isolepis","Actinopterygii","Pleuronectiformes","Pleuronectidae","Isopsetta"
"Rock sole","Lepidopsetta bilineata","Actinopterygii","Pleuronectiformes","Pleuronectidae","Lepidopsetta"
"Slender sole","Lyopsetta exilis","Actinopterygii","Pleuronectiformes","Pleuronectidae","Lyopsetta"
"Dover sole","Microstomus pacificus","Actinopterygii","Pleuronectiformes","Pleuronectidae","Microstomus"
"English sole","Parophrys vetulus","Actinopterygii","Pleuronectiformes","Pleuronectidae","Parophrys"
"Starry flounder","Platichthys stellatus","Actinopterygii","Pleuronectiformes","Pleuronectidae","Platichthys"
"C-o sole","Pleuronichthys coenosus","Actinopterygii","Pleuronectiformes","Pleuronectidae","Pleuronichthys"
"Curlfin sole","Pleuronichthys decurrens","Actinopterygii","Pleuronectiformes","Pleuronectidae","Pleuronichthys"
"Spotted turbot","Pleuronichthys ritteri","Actinopterygii","Pleuronectiformes","Pleuronectidae","Pleuronichthys"
"Hornyhead turbot","Pleuronichthys verticalis","Actinopterygii","Pleuronectiformes","Pleuronectidae","Pleuronichthys"
"Pacific sand sole","Psettichthys melanostictus","Actinopterygii","Pleuronectiformes","Pleuronectidae","Psettichthys"
"Greenland halibut","Reinhardtius hippoglossoides","Actinopterygii","Pleuronectiformes","Pleuronectidae","Reinhardtius"
"Cutthroat trout","Oncorhynchus clarkii","Actinopterygii","Salmoniformes","Salmonidae","Oncorhynchus"
"Pink salmon","Oncorhynchus gorbuscha","Actinopterygii","Salmoniformes","Salmonidae","Oncorhynchus"
"Chum salmon","Oncorhynchus keta","Actinopterygii","Salmoniformes","Salmonidae","Oncorhynchus"
"Coho salmon","Oncorhynchus kisutch","Actinopterygii","Salmoniformes","Salmonidae","Oncorhynchus"
"Rainbow trout","Oncorhynchus mykiss","Actinopterygii","Salmoniformes","Salmonidae","Oncorhynchus"
"Sockeye salmon","Oncorhynchus nerka","Actinopterygii","Salmoniformes","Salmonidae","Oncorhynchus"
"Chinook salmon","Oncorhynchus tshawytscha","Actinopterygii","Salmoniformes","Salmonidae","Oncorhynchus"
"Southern spearnose poacher","Agonopsis sterletus","Actinopterygii","Scorpaeniformes","Agonidae","Agonopsis"
"Northern spearnose poacher","Agonopsis vulsa","Actinopterygii","Scorpaeniformes","Agonidae","Agonopsis"
"Smooth alligatorfish","Anoplagonus inermis","Actinopterygii","Scorpaeniformes","Agonidae","Anoplagonus"
"Spinycheek starsnout","Bathyagonus infraspinatus","Actinopterygii","Scorpaeniformes","Agonidae","Bathyagonus"
"Blackfin poacher","Bathyagonus nigripinnis","Actinopterygii","Scorpaeniformes","Agonidae","Bathyagonus"
"Bigeye poacher","Bathyagonus pentacanthus","Actinopterygii","Scorpaeniformes","Agonidae","Bathyagonus"
"Rockhead","Bothragonus swanii","Actinopterygii","Scorpaeniformes","Agonidae","Bothragonus"
"Warty poacher","Chesnonia verrucosa","Actinopterygii","Scorpaeniformes","Agonidae","Chesnonia"
"Pygmy poacher","Odontopyxis trispinosa","Actinopterygii","Scorpaeniformes","Agonidae","Odontopyxis"
"Tubenose poacher","Pallasina barbata","Actinopterygii","Scorpaeniformes","Agonidae","Pallasina"
"Sturgeon poacher","Podothecus accipenserinus","Actinopterygii","Scorpaeniformes","Agonidae","Podothecus"
"Pricklebreast poacher","Stellerina xyosterna","Actinopterygii","Scorpaeniformes","Agonidae","Stellerina"
"Blacktip poacher","Xeneretmus latifrons","Actinopterygii","Scorpaeniformes","Agonidae","Xeneretmus"
"Smooth-eye poacher","Xeneretmus leiops","Actinopterygii","Scorpaeniformes","Agonidae","Xeneretmus"
"Stripefin poacher","Xeneretmus ritteri","Actinopterygii","Scorpaeniformes","Agonidae","Xeneretmus"
"Bluespotted poacher","Xeneretmus triacanthus","Actinopterygii","Scorpaeniformes","Agonidae","Xeneretmus"
"Sablefish","Anoplopoma fimbria","Actinopterygii","Scorpaeniformes","Anoplopomatidae","Anoplopoma"
"Skilfish","Erilepis zonifer","Actinopterygii","Scorpaeniformes","Anoplopomatidae","Erilepis"
"Coralline sculpin","Artedius corallinus","Actinopterygii","Scorpaeniformes","Cottidae","Artedius"
"Padded sculpin","Artedius fenestralis","Actinopterygii","Scorpaeniformes","Cottidae","Artedius"
"Scalyhead sculpin","Artedius harringtoni","Actinopterygii","Scorpaeniformes","Cottidae","Artedius"
"Smoothhead sculpin","Artedius lateralis","Actinopterygii","Scorpaeniformes","Cottidae","Artedius"
"Bonehead sculpin","Artedius notospilotus","Actinopterygii","Scorpaeniformes","Cottidae","Artedius"
"Rosylip sculpin","Ascelichthys rhodorus","Actinopterygii","Scorpaeniformes","Cottidae","Ascelichthys"
"Roughback sculpin","Chitonotus pugetensis","Actinopterygii","Scorpaeniformes","Cottidae","Chitonotus"
"Sharpnose sculpin","Clinocottus acuticeps","Actinopterygii","Scorpaeniformes","Cottidae","Clinocottus"
"Woolly sculpin","Clinocottus analis","Actinopterygii","Scorpaeniformes","Cottidae","Clinocottus"
"Calico sculpin","Clinocottus embryum","Actinopterygii","Scorpaeniformes","Cottidae","Clinocottus"
"Mosshead sculpin","Clinocottus globiceps","Actinopterygii","Scorpaeniformes","Cottidae","Clinocottus"
"Bald sculpin","Clinocottus recalvus","Actinopterygii","Scorpaeniformes","Cottidae","Clinocottus"
"Buffalo sculpin","Enophrys bison","Actinopterygii","Scorpaeniformes","Cottidae","Enophrys"
"Bull sculpin","Enophrys taurina","Actinopterygii","Scorpaeniformes","Cottidae","Enophrys"
"Red irish lord","Hemilepidotus hemilepidotus","Actinopterygii","Scorpaeniformes","Cottidae","Hemilepidotus"
"Brown irish lord","Hemilepidotus spinosus","Actinopterygii","Scorpaeniformes","Cottidae","Hemilepidotus"
"Dusky sculpin","Icelinus burchami","Actinopterygii","Scorpaeniformes","Cottidae","Icelinus"
"Pit-head sculpin","Icelinus cavifrons","Actinopterygii","Scorpaeniformes","Cottidae","Icelinus"
"Threadfin sculpin","Icelinus filamentosus","Actinopterygii","Scorpaeniformes","Cottidae","Icelinus"
"Fringed sculpin","Icelinus fimbriatus","Actinopterygii","Scorpaeniformes","Cottidae","Icelinus"
"Frogmouth sculpin","Icelinus oculatus","Actinopterygii","Scorpaeniformes","Cottidae","Icelinus"
"Yellowchin sculpin","Icelinus quadriseriatus","Actinopterygii","Scorpaeniformes","Cottidae","Icelinus"
"Spotfin sculpin","Icelinus tenuis","Actinopterygii","Scorpaeniformes","Cottidae","Icelinus"
"Longfin sculpin","Jordania zonope","Actinopterygii","Scorpaeniformes","Cottidae","Jordania"
"Lavender sculpin","Leiocottus hirundo","Actinopterygii","Scorpaeniformes","Cottidae","Leiocottus"
"Pacific staghorn sculpin","Leptocottus armatus","Actinopterygii","Scorpaeniformes","Cottidae","Leptocottus"
"Tidepool sculpin","Oligocottus maculosus","Actinopterygii","Scorpaeniformes","Cottidae","Oligocottus"
"Saddleback sculpin","Oligocottus rimensis","Actinopterygii","Scorpaeniformes","Cottidae","Oligocottus"
"Rosy sculpin","Oligocottus rubellio","Actinopterygii","Scorpaeniformes","Cottidae","Oligocottus"
"Fluffy sculpin","Oligocottus snyderi","Actinopterygii","Scorpaeniformes","Cottidae","Oligocottus"
"Snubnose sculpin","Orthonopias triacis","Actinopterygii","Scorpaeniformes","Cottidae","Orthonopias"
"Thornback sculpin","Paricelinus hopliticus","Actinopterygii","Scorpaeniformes","Cottidae","Paricelinus"
"Slim sculpin","Radulinus asprellus","Actinopterygii","Scorpaeniformes","Cottidae","Radulinus"
"Darter sculpin","Radulinus boleoides","Actinopterygii","Scorpaeniformes","Cottidae","Radulinus"
"Smoothgum sculpin","Radulinus vinculus","Actinopterygii","Scorpaeniformes","Cottidae","Radulinus"
"Roughcheek sculpin","Ruscarius creaseri","Actinopterygii","Scorpaeniformes","Cottidae","Ruscarius"
"Cabezon","Scorpaenichthys marmoratus","Actinopterygii","Scorpaeniformes","Cottidae","Scorpaenichthys"
"Manacled sculpin","Synchirus gilli","Actinopterygii","Scorpaeniformes","Cottidae","Synchirus"
"Flabby sculpin","Zesticelus profundorum","Actinopterygii","Scorpaeniformes","Cottidae","Zesticelus"
"Silverspotted sculpin","Blepsias cirrhosus","Actinopterygii","Scorpaeniformes","Hemitripteridae","Blepsias"
"Sailfin sculpin","Nautichthys oculofasciatus","Actinopterygii","Scorpaeniformes","Hemitripteridae","Nautichthys"
"Kelp greenling","Hexagrammos decagrammus","Actinopterygii","Scorpaeniformes","Hexagrammidae","Hexagrammos"
"Rock greenling","Hexagrammos lagocephalus","Actinopterygii","Scorpaeniformes","Hexagrammidae","Hexagrammos"
"Whitespotted greenling","Hexagrammos stelleri","Actinopterygii","Scorpaeniformes","Hexagrammidae","Hexagrammos"
"Lingcod","Ophiodon elongatus","Actinopterygii","Scorpaeniformes","Hexagrammidae","Ophiodon"
"Painted greenling","Oxylebius pictus","Actinopterygii","Scorpaeniformes","Hexagrammidae","Oxylebius"
"Atka mackerel","Pleurogrammus monopterygius","Actinopterygii","Scorpaeniformes","Hexagrammidae","Pleurogrammus"
"Shortspine combfish","Zaniolepis frenata","Actinopterygii","Scorpaeniformes","Hexagrammidae","Zaniolepis"
"Longspine combfish","Zaniolepis latipinnis","Actinopterygii","Scorpaeniformes","Hexagrammidae","Zaniolepis"
"Blacktail snailfish","Careproctus melanurus","Actinopterygii","Scorpaeniformes","Liparidae","Careproctus"
"Tidepool snailfish","Liparis florae","Actinopterygii","Scorpaeniformes","Liparidae","Liparis"
"Slipskin snailfish","Liparis fucensis","Actinopterygii","Scorpaeniformes","Liparidae","Liparis"
"Slimy snailfish","Liparis mucosus","Actinopterygii","Scorpaeniformes","Liparidae","Liparis"
"Showy snailfish","Liparis pulchellus","Actinopterygii","Scorpaeniformes","Liparidae","Liparis"
"Ringtail snailfish","Liparis rutteri","Actinopterygii","Scorpaeniformes","Liparidae","Liparis"
"Grunt sculpin","Rhamphocottus richardsonii","Actinopterygii","Scorpaeniformes","Rhamphocottidae","Rhamphocottus"
"California scorpionfish","Scorpaena guttata","Actinopterygii","Scorpaeniformes","Scorpaenidae","Scorpaena"
"Rainbow scorpionfish","Scorpaenodes xyris","Actinopterygii","Scorpaeniformes","Scorpaenidae","Scorpaenodes"
"Rougheye rockfish","Sebastes aleutianus","Actinopterygii","Scorpaeniformes","Sebastidae","Sebastes"
"Pacific ocean perch","Sebastes alutus","Actinopterygii","Scorpaeniformes","Sebastidae","Sebastes"
"Kelp rockfish","Sebastes atrovirens","Actinopterygii","Scorpaeniformes","Sebastidae","Sebastes"
"Brown rockfish","Sebastes auriculatus","Actinopterygii","Scorpaeniformes","Sebastidae","Sebastes"
"Aurora rockfish","Sebastes aurora","Actinopterygii","Scorpaeniformes","Sebastidae","Sebastes"
"Redbanded rockfish","Sebastes babcocki","Actinopterygii","Scorpaeniformes","Sebastidae","Sebastes"
"Shortraker rockfish","Sebastes borealis","Actinopterygii","Scorpaeniformes","Sebastidae","Sebastes"
"Silvergray rockfish","Sebastes brevispinis","Actinopterygii","Scorpaeniformes","Sebastidae","Sebastes"
"Gopher rockfish","Sebastes carnatus","Actinopterygii","Scorpaeniformes","Sebastidae","Sebastes"
"Copper rockfish","Sebastes caurinus","Actinopterygii","Scorpaeniformes","Sebastidae","Sebastes"
"Greenspotted rockfish","Sebastes chlorostictus","Actinopterygii","Scorpaeniformes","Sebastidae","Sebastes"
"Black-and-yellow rockfish","Sebastes chrysomelas","Actinopterygii","Scorpaeniformes","Sebastidae","Sebastes"
"Starry rockfish","Sebastes constellatus","Actinopterygii","Scorpaeniformes","Sebastidae","Sebastes"
"Darkblotched rockfish","Sebastes crameri","Actinopterygii","Scorpaeniformes","Sebastidae","Sebastes"
"Calico rockfish","Sebastes dallii","Actinopterygii","Scorpaeniformes","Sebastidae","Sebastes"
"Splitnose rockfish","Sebastes diploproa","Actinopterygii","Scorpaeniformes","Sebastidae","Sebastes"
"Greenstriped rockfish","Sebastes elongatus","Actinopterygii","Scorpaeniformes","Sebastidae","Sebastes"
"Swordspine rockfish","Sebastes ensifer","Actinopterygii","Scorpaeniformes","Sebastidae","Sebastes"
"Widow rockfish","Sebastes entomelas","Actinopterygii","Scorpaeniformes","Sebastidae","Sebastes"
"Pink rockfish","Sebastes eos","Actinopterygii","Scorpaeniformes","Sebastidae","Sebastes"
"Yellowtail rockfish","Sebastes flavidus","Actinopterygii","Scorpaeniformes","Sebastidae","Sebastes"
"Bronzespotted rockfish","Sebastes gilli","Actinopterygii","Scorpaeniformes","Sebastidae","Sebastes"
"Chilipepper rockfish","Sebastes goodei","Actinopterygii","Scorpaeniformes","Sebastidae","Sebastes"
"Rosethorn rockfish","Sebastes helvomaculatus","Actinopterygii","Scorpaeniformes","Sebastidae","Sebastes"
"Squarespot rockfish","Sebastes hopkinsi","Actinopterygii","Scorpaeniformes","Sebastidae","Sebastes"
"Shortbelly rockfish","Sebastes jordani","Actinopterygii","Scorpaeniformes","Sebastidae","Sebastes"
"Freckled rockfish","Sebastes lentiginosus","Actinopterygii","Scorpaeniformes","Sebastidae","Sebastes"
"Cowcod","Sebastes levis","Actinopterygii","Scorpaeniformes","Sebastidae","Sebastes"
"Mexican rockfish","Sebastes macdonaldi","Actinopterygii","Scorpaeniformes","Sebastidae","Sebastes"
"Black rockfish","Sebastes melanops","Actinopterygii","Scorpaeniformes","Sebastidae","Sebastes"
"Blackgill rockfish","Sebastes melanostomus","Actinopterygii","Scorpaeniformes","Sebastidae","Sebastes"
"Vermilion rockfish","Sebastes miniatus","Actinopterygii","Scorpaeniformes","Sebastidae","Sebastes"
"Blue rockfish","Sebastes mystinus","Actinopterygii","Scorpaeniformes","Sebastidae","Sebastes"
"China rockfish","Sebastes nebulosus","Actinopterygii","Scorpaeniformes","Sebastidae","Sebastes"
"Tiger rockfish","Sebastes nigrocinctus","Actinopterygii","Scorpaeniformes","Sebastidae","Sebastes"
"Speckled rockfish","Sebastes ovalis","Actinopterygii","Scorpaeniformes","Sebastidae","Sebastes"
"Bocaccio rockfish","Sebastes paucispinis","Actinopterygii","Scorpaeniformes","Sebastidae","Sebastes"
"Chameleon rockfish","Sebastes phillipsi","Actinopterygii","Scorpaeniformes","Sebastidae","Sebastes"
"Canary rockfish","Sebastes pinniger","Actinopterygii","Scorpaeniformes","Sebastidae","Sebastes"
"Redstripe rockfish","Sebastes proriger","Actinopterygii","Scorpaeniformes","Sebastidae","Sebastes"
"Grass rockfish","Sebastes rastrelliger","Actinopterygii","Scorpaeniformes","Sebastidae","Sebastes"
"Yellowmouth rockfish","Sebastes reedi","Actinopterygii","Scorpaeniformes","Sebastidae","Sebastes"
"Rosy rockfish","Sebastes rosaceus","Actinopterygii","Scorpaeniformes","Sebastidae","Sebastes"
"Greenblotched rockfish","Sebastes rosenblatti","Actinopterygii","Scorpaeniformes","Sebastidae","Sebastes"
"Yelloweye rockfish","Sebastes ruberrimus","Actinopterygii","Scorpaeniformes","Sebastidae","Sebastes"
"Flag rockfish","Sebastes rubrivinctus","Actinopterygii","Scorpaeniformes","Sebastidae","Sebastes"
"Bank rockfish","Sebastes rufus","Actinopterygii","Scorpaeniformes","Sebastidae","Sebastes"
"Stripetail rockfish","Sebastes saxicola","Actinopterygii","Scorpaeniformes","Sebastidae","Sebastes"
"Halfbanded rockfish","Sebastes semicinctus","Actinopterygii","Scorpaeniformes","Sebastidae","Sebastes"
"Olive rockfish","Sebastes serranoides","Actinopterygii","Scorpaeniformes","Sebastidae","Sebastes"
"Treefish","Sebastes serriceps","Actinopterygii","Scorpaeniformes","Sebastidae","Sebastes"
"Pinkrose rockfish","Sebastes simulator","Actinopterygii","Scorpaeniformes","Sebastidae","Sebastes"
"Honeycomb rockfish","Sebastes umbrosus","Actinopterygii","Scorpaeniformes","Sebastidae","Sebastes"
"Pygmy rockfish","Sebastes wilsoni","Actinopterygii","Scorpaeniformes","Sebastidae","Sebastes"
"Sharpchin rockfish","Sebastes zacentrus","Actinopterygii","Scorpaeniformes","Sebastidae","Sebastes"
"False kelpfish","Sebastiscus marmoratus","Actinopterygii","Scorpaeniformes","Sebastidae","Sebastiscus"
"Shortspine thornyhead","Sebastolobus alascanus","Actinopterygii","Scorpaeniformes","Sebastidae","Sebastolobus"
"Longspine thornyhead","Sebastolobus altivelis","Actinopterygii","Scorpaeniformes","Sebastidae","Sebastolobus"
"Splitnose searobin","Bellator xenisma","Actinopterygii","Scorpaeniformes","Triglidae","Bellator"
"Lumptail searobin","Prionotus stephanophrys","Actinopterygii","Scorpaeniformes","Triglidae","Prionotus"
"Chilhuil sea catfish","Bagre panamensis","Actinopterygii","Siluriformes","Ariidae","Bagre"
"Crested bigscale","Poromitra crassiceps","Actinopterygii","Stephanoberyciformes","Melamphaidae","Poromitra"
"Twospine bigscale","Scopelogadus bispinosus","Actinopterygii","Stephanoberyciformes","Melamphaidae","Scopelogadus"
"Benttooth bristlemouth","Cyclothone acclinidens","Actinopterygii","Stomiiformes","Gonostomatidae","Cyclothone"
"Pacific hatchet fish","Argyropelecus affinis","Actinopterygii","Stomiiformes","Sternoptychidae","Argyropelecus"
"Half-naked hatchetfish","Argyropelecus hemigymnus","Actinopterygii","Stomiiformes","Sternoptychidae","Argyropelecus"
"Tropical hatchetfish","Argyropelecus lychnus","Actinopterygii","Stomiiformes","Sternoptychidae","Argyropelecus"
"Sladen's hatchet fish","Argyropelecus sladeni","Actinopterygii","Stomiiformes","Sternoptychidae","Argyropelecus"
"Bottlelights","Danaphos oculatus","Actinopterygii","Stomiiformes","Sternoptychidae","Danaphos"
"Highfin dragonfish","Bathophilus flemingi","Actinopterygii","Stomiiformes","Stomiidae","Bathophilus"
"Pacific viperfish","Chauliodus macouni","Actinopterygii","Stomiiformes","Stomiidae","Chauliodus"
"Longfin dragonfish","Tactostoma macropus","Actinopterygii","Stomiiformes","Stomiidae","Tactostoma"
"Slender snipefish","Macroramphosus gracilis","Actinopterygii","Syngnathiformes","Centriscidae","Macroramphosus"
"Snubnose pipefish","Cosmocampus arctus","Actinopterygii","Syngnathiformes","Syngnathidae","Cosmocampus"
"Pacific seahorse","Hippocampus ingens","Actinopterygii","Syngnathiformes","Syngnathidae","Hippocampus"
"Greater pipefish","Syngnathus acus","Actinopterygii","Syngnathiformes","Syngnathidae","Syngnathus"
"Barred pipefish","Syngnathus auliscus","Actinopterygii","Syngnathiformes","Syngnathidae","Syngnathus"
"Kelp pipefish","Syngnathus californiensis","Actinopterygii","Syngnathiformes","Syngnathidae","Syngnathus"
"Barcheek pipefish","Syngnathus exilis","Actinopterygii","Syngnathiformes","Syngnathidae","Syngnathus"
"Bay pipefish","Syngnathus leptorhynchus","Actinopterygii","Syngnathiformes","Syngnathidae","Syngnathus"
"Finescale triggerfish","Balistes polylepis","Actinopterygii","Tetraodontiformes","Balistidae","Balistes"
"Black triggerfish","Melichthys niger","Actinopterygii","Tetraodontiformes","Balistidae","Melichthys"
"Redtail triggerfish","Xanthichthys mento","Actinopterygii","Tetraodontiformes","Balistidae","Xanthichthys"
"Spotfin burrfish","Chilomycterus reticulatus","Actinopterygii","Tetraodontiformes","Diodontidae","Chilomycterus"
"Spot-fin porcupinefish","Diodon hystrix","Actinopterygii","Tetraodontiformes","Diodontidae","Diodon"
"Ocean sunfish","Mola mola","Actinopterygii","Tetraodontiformes","Molidae","Mola"
"Slender sunfish","Ranzania laevis","Actinopterygii","Tetraodontiformes","Molidae","Ranzania"
"Roundbelly cowfish","Lactoria diaphana","Actinopterygii","Tetraodontiformes","Ostraciidae","Lactoria"
"Oceanic puffer","Lagocephalus lagocephalus","Actinopterygii","Tetraodontiformes","Tetraodontidae","Lagocephalus"
"Bullseye puffer","Sphoeroides annulatus","Actinopterygii","Tetraodontiformes","Tetraodontidae","Sphoeroides"
"Warty dory","Allocyttus verrucosus","Actinopterygii","Zeiformes","Oreosomatidae","Allocyttus"
"Mirror dory","Zenopsis nebulosa","Actinopterygii","Zeiformes","Zeidae","Zenopsis"
"Pacific lamprey","Entosphenus tridentatus","Cephalaspidomorphi","Petromyzontiformes","Petromyzontidae","Entosphenus"
"Western river lamprey","Lampetra ayresii","Cephalaspidomorphi","Petromyzontiformes","Petromyzontidae","Lampetra"
"Copper shark","Carcharhinus brachyurus","Elasmobranchii","Carcharhiniformes","Carcharhinidae","Carcharhinus"
"Bull shark","Carcharhinus leucas","Elasmobranchii","Carcharhiniformes","Carcharhinidae","Carcharhinus"
"Oceanic whitetip shark","Carcharhinus longimanus","Elasmobranchii","Carcharhiniformes","Carcharhinidae","Carcharhinus"
"Dusky shark","Carcharhinus obscurus","Elasmobranchii","Carcharhiniformes","Carcharhinidae","Carcharhinus"
"Tiger shark","Galeocerdo cuvier","Elasmobranchii","Carcharhiniformes","Carcharhinidae","Galeocerdo"
"Blue shark","Prionace glauca","Elasmobranchii","Carcharhiniformes","Carcharhinidae","Prionace"
"Pacific sharpnose shark","Rhizoprionodon longurio","Elasmobranchii","Carcharhiniformes","Carcharhinidae","Rhizoprionodon"
"Brown catshark","Apristurus brunneus","Elasmobranchii","Carcharhiniformes","Scyliorhinidae","Apristurus"
"Longnose catshark","Apristurus kampae","Elasmobranchii","Carcharhiniformes","Scyliorhinidae","Apristurus"
"Swellshark","Cephaloscyllium ventriosum","Elasmobranchii","Carcharhiniformes","Scyliorhinidae","Cephaloscyllium"
"Filetail catshark","Parmaturus xaniurus","Elasmobranchii","Carcharhiniformes","Scyliorhinidae","Parmaturus"
"Scalloped hammerhead","Sphyrna lewini","Elasmobranchii","Carcharhiniformes","Sphyrnidae","Sphyrna"
"Bonnethead","Sphyrna tiburo","Elasmobranchii","Carcharhiniformes","Sphyrnidae","Sphyrna"
"Smooth hammerhead","Sphyrna zygaena","Elasmobranchii","Carcharhiniformes","Sphyrnidae","Sphyrna"
"Tope shark","Galeorhinus galeus","Elasmobranchii","Carcharhiniformes","Triakidae","Galeorhinus"
"Gray smoothhound","Mustelus californicus","Elasmobranchii","Carcharhiniformes","Triakidae","Mustelus"
"Brown smooth-hound","Mustelus henlei","Elasmobranchii","Carcharhiniformes","Triakidae","Mustelus"
"Sicklefin smooth-hound","Mustelus lunulatus","Elasmobranchii","Carcharhiniformes","Triakidae","Mustelus"
"Leopard shark","Triakis semifasciata","Elasmobranchii","Carcharhiniformes","Triakidae","Triakis"
"Horn shark","Heterodontus francisci","Elasmobranchii","Heterodontiformes","Heterodontidae","Heterodontus"
"Frilled shark","Chlamydoselachus anguineus","Elasmobranchii","Hexanchiformes","Chlamydoselachidae","Chlamydoselachus"
"Bluntnose sixgill shark","Hexanchus griseus","Elasmobranchii","Hexanchiformes","Hexanchidae","Hexanchus"
"Broadnose sevengill shark","Notorynchus cepedianus","Elasmobranchii","Hexanchiformes","Hexanchidae","Notorynchus"
"Bigeye thresher","Alopias superciliosus","Elasmobranchii","Lamniformes","Alopiidae","Alopias"
"Thresher","Alopias vulpinus","Elasmobranchii","Lamniformes","Alopiidae","Alopias"
"Basking shark","Cetorhinus maximus","Elasmobranchii","Lamniformes","Cetorhinidae","Cetorhinus"
"Great white shark","Carcharodon carcharias","Elasmobranchii","Lamniformes","Lamnidae","Carcharodon"
"Shortfin mako","Isurus oxyrinchus","Elasmobranchii","Lamniformes","Lamnidae","Isurus"
"Salmon shark","Lamna ditropis","Elasmobranchii","Lamniformes","Lamnidae","Lamna"
"Smalltooth sand tiger","Odontaspis ferox","Elasmobranchii","Lamniformes","Odontaspididae","Odontaspis"
"Pelagic stingray","Pteroplatytrygon violacea","Elasmobranchii","Myliobatiformes","Dasyatidae","Pteroplatytrygon"
"California butterfly ray","Gymnura marmorata","Elasmobranchii","Myliobatiformes","Gymnuridae","Gymnura"
"Spinetail mobula","Mobula japanica","Elasmobranchii","Myliobatiformes","Myliobatidae","Mobula"
"Smoothtail mobula","Mobula thurstoni","Elasmobranchii","Myliobatiformes","Myliobatidae","Mobula"
"Bat eagle ray","Myliobatis californica","Elasmobranchii","Myliobatiformes","Myliobatidae","Myliobatis"
"Round stingray","Urolophus halleri","Elasmobranchii","Myliobatiformes","Urolophidae","Urolophus"
"Whale shark","Rhincodon typus","Elasmobranchii","Orectolobiformes","Rhincodontidae","Rhincodon"
"Deep-sea skate","Bathyraja abyssicola","Elasmobranchii","Rajiformes","Arhynchobatidae","Bathyraja"
"Sandpaper skate","Bathyraja interrupta","Elasmobranchii","Rajiformes","Arhynchobatidae","Bathyraja"
"Spiny skate","Bathyraja spinosissima","Elasmobranchii","Rajiformes","Arhynchobatidae","Bathyraja"
"Roughtail skate","Bathyraja trachura","Elasmobranchii","Rajiformes","Arhynchobatidae","Bathyraja"
"California skate","Raja inornata","Elasmobranchii","Rajiformes","Rajidae","Raja"
"Longnose skate","Raja rhina","Elasmobranchii","Rajiformes","Rajidae","Raja"
"Starry skate","Raja stellulata","Elasmobranchii","Rajiformes","Rajidae","Raja"
"Thornback guitarfish","Platyrhinoidis triseriata","Elasmobranchii","Rajiformes","Rhinobatidae","Platyrhinoidis"
"Banded guitarfish","Zapteryx exasperata","Elasmobranchii","Rajiformes","Rhinobatidae","Zapteryx"
"Pygmy shark","Euprotomicrus bispinatus","Elasmobranchii","Squaliformes","Dalatiidae","Euprotomicrus"
"Prickly shark","Echinorhinus cookei","Elasmobranchii","Squaliformes","Echinorhinidae","Echinorhinus"
"Pacific sleeper shark","Somniosus pacificus","Elasmobranchii","Squaliformes","Somniosidae","Somniosus"
"Picked dogfish","Squalus acanthias","Elasmobranchii","Squaliformes","Squalidae","Squalus"
"Pacific angelshark","Squatina californica","Elasmobranchii","Squatiniformes","Squatinidae","Squatina"
"Spotted ratfish","Hydrolagus colliei","Holocephali","Chimaeriformes","Chimaeridae","Hydrolagus"
"Black hagfish","Eptatretus deani","Myxini","Myxiniformes","Myxinidae","Eptatretus"
"Pacific hagfish","Eptatretus stoutii","Myxini","Myxiniformes","Myxinidae","Eptatretus"
"Whiteface hagfish","Myxine circifrons","Myxini","Myxiniformes","Myxinidae","Myxine"
"Slim anchovy","Anchoviella miarcha","Actinopterygii","Clupeiformes","Engraulidae","Anchoviella"
"Big skate","Beringraja binoculata","Elasmobranchii","Rajiformes","Rajidae","Beringraja"
"Alaska pollock","Gadus chalcogrammus","Actinopterygii","Gadiformes","Gadidae","Gadus"
"Beardless spearnose","Ganoideus vulsus","Actinopterygii","Scorpaeniformes","Agonidae","Ganoideus"
"Diamond stingray","Hypanus dipterurus","Elasmobranchii","Myliobatiformes","Dasyatidae","Hypanus"
"Russian river tule perch","Hysterocarpus traskii","Actinopterygii","Perciformes","Embiotocidae","Hysterocarpus"
"Zebraperch","Kyphosus azureus","Actinopterygii","Perciformes","Kyphosidae","Kyphosus"
"Escolar","Lepidocybuim flavobrunneum","Actinopterygii","Perciformes","Gempylidae","Lepidocybuim"
"Pacific manta","Mobula birostris","Elasmobranchii","Myliobatiformes","Myliobatidae","Mobula"
"Shovelnose guitarfish","Pseudobatos productus","Elasmobranchii","Rajiformes","Rhinobatidae","Pseudobatos"
"Pacific electric ray","Tetronarce californica","Elasmobranchii","Torpediniformes","Torpedinidae","Tetronarce"
